2026,A.J. Haulcy,LSU,DB,SAF,4905664.0,71.625,215.0,30.875,9.25,4.52,1.62,,,,,,,75.375,c1c44197-cae9-4087-b239-cc4c24c62709
2026,Aamil Wagner,Notre Dame,OL,OT,4685564.0,77.875,306.0,34.5,10.25,5.01,1.79,,29.5,108.0,7.98,4.81,,83.625,b8c3b166-135a-4bf7-9da3-a4bdaab19fb4
2026,Aaron Anderson,LSU,WR,WR,4691138.0,68.0,191.0,29.75,9.25,4.55,,,30.0,113.0,7.12,4.58,15.0,72.375,e7be18a8-d837-4df5-b6a5-2dee078fafc6
2026,Adam Randall,Clemson,RB,RB,4685526.0,75.375,232.0,32.375,9.75,4.5,1.6,,37.0,124.0,,4.53,26.0,79.75,2bd121c7-68be-45ba-beaf-952a794a75b0
2026,Ahmaad Moses,SMU,DB,SAF,4715349.0,69.375,196.0,30.25,9.125,,,,38.0,,,,,73.75,62249a72-87e0-4dc8-a795-57d58e2e6028
2026,Ahmari Harvey,Georgia Tech,DB,CB,4432709.0,71.375,185.0,30.375,9.375,,,,,,,,15.0,,1d563173-af91-4d61-bc8b-6f54aeb0d015
2026,Aidan Hubbard,Northwestern,DL,EDGE,4603089.0,76.5,260.0,32.0,9.125,,,,,,,,21.0,,429c1652-9aac-4d72-9d7f-8aa477083409
2026,Aiden Fisher,Indiana,LB,LB,4912338.0,72.875,232.0,31.125,9.5,,,,,,,,,77.375,7bb2ff8f-2283-4dfa-a7b2-04863bd9715b
2026,Akheem Mesidor,Miami,DL,EDGE,4429190.0,75.0,259.0,32.125,10.0,,,,,,,,,78.75,b1cba18e-58a4-4e5e-a90e-a816b49b3cd0
2026,Alan Herron,Maryland,OL,OT,5164879.0,77.25,308.0,33.125,9.125,5.09,1.84,,32.0,,8.2,5.09,,,fd5d8db4-3d30-44a4-a50e-d40d5d2f0073
2026,Albert Regis,Texas A&M,DL,DT,4612298.0,73.375,295.0,31.625,9.625,4.88,1.72,,34.0,116.0,7.77,4.85,27.0,77.125,a457ead8-bc93-42de-8c55-7e2b154e64c9
2026,Alex Harkey,Oregon,OL,G,5082660.0,77.625,308.0,31.75,10.125,,,,,,,,,80.125,01507638-9be1-410d-a1f0-a629ea89af09
2026,Andre Fuller,Toledo,DB,CB,4693934.0,73.0,200.0,30.75,9.375,4.49,1.56,,35.0,129.0,,4.28,,76.75,f1d4df6f-d32b-469f-b43f-6f6753c10b31
2026,Anez Cooper,Miami,OL,G,4905597.0,77.875,334.0,34.0,10.0,5.52,1.94,,,,,,,83.75,7451fd32-af3d-4f3b-8d7a-1bea3357411a
2026,Anthony Dunn Jr.,Toledo,DL,EDGE,4880478.0,76.625,246.0,35.0,10.0,4.84,1.75,2.78,35.0,118.0,7.28,4.80,17.0,,
2026,Anthony Hill Jr.,Texas,LB,LB,4870805.0,74.0,238.0,32.375,9.625,4.51,1.58,,37.0,125.0,,,21.0,79.0,443bdf59-be7f-4a85-a130-a6ef771b3e2b
2026,Anthony Lucas,USC,DL,EDGE,4685442.0,77.5,256.0,33.5,10.25,,,,,,,,,84.625,3b4557f0-cb5f-41f1-ba58-bdab5a88f49e
2026,Antoineo Harris,Connecticut,DL,EDGE,5083644.0,74.25,259.0,31.375,10.0,4.90,1.72,2.75,32.5,116.0,,,23.0,,
2026,Antonio Williams,Clemson,WR,WR,5081432.0,71.5,187.0,30.75,9.25,4.41,1.55,,39.5,124.0,7.0,4.1,10.0,76.0,8cedfd6c-366a-4bba-9dc2-761b4dddb035
2026,Ar'maj Reed-Adams,Texas A&M,OL,G,4606712.0,77.75,314.0,34.375,10.0,5.28,1.85,3.06,29.5,110.0,7.88,5.03,25.0,85.0,ff2ba671-9e54-4678-a2d2-4bb61f4f74e9
2026,Arvell Reese,Ohio State,DL,EDGE,4950400.0,76.125,241.0,32.5,9.5,4.46,1.58,,,,,,,79.5,75dc100a-b9dc-4607-9698-6b88887ddca6
2026,Athan Kaliakmanis,Rutgers,QB,QB,4432722.0,74.5,216.0,32.875,9.125,4.92,1.74,2.84,29.5,114.0,6.96,4.33,,79.125,
2026,Austin Barber,Florida,OL,OT,4597310.0,78.875,318.0,33.125,9.625,5.12,1.77,,32.0,111.0,,,,80.25,e0d82a58-ae6b-45d5-98b2-93abc1e51c26
2026,Austin Blaske,North Carolina,OL,OC,4430949.0,76.75,311.0,33.0,9.0,5.2,1.73,3.01,29.0,104.0,7.65,4.75,25.0,,
2026,Austin Brown,Wisconsin,DB,SS,4827042.0,71.75,189.0,31.125,9.25,4.51,1.61,2.85,43.0,129.0,7.05,4.21,20.0,,
2026,Austin Collins,Syracuse,OL,OC,4431041.0,75.125,302.0,30.25,8.75,5.15,1.76,2.96,30.5,109.0,7.57,4.68,34.0,,
2026,Austin Uke,Miami (OH),OL,G,4700270.0,73.875,307.0,32.625,9.375,5.21,1.75,2.97,30.0,109.0,7.89,4.77,20.0,,
2026,Avery Smith,Toledo,DB,CB,5082331.0,70.5,196.0,29.375,8.375,4.54,1.61,,38.5,125.0,7.03,4.46,,,a6881023-a8d2-467e-9c9b-3028379cee1a
2026,Avieon Terrell,Clemson,DB,CB,4870988.0,70.75,186.0,31.0,8.625,,,,34.0,123.0,,,17.0,75.5,0c45a452-e518-4342-9fca-29dbeb0ef79e
2026,Ayden Hector,Colorado State,DB,SS,4701523.0,72.125,210.0,30.5,8.5,4.82,1.55,2.84,38.0,119.0,7.06,4.29,16.0,,
2026,Barion Brown,LSU,WR,WR,4698597.0,71.0,177.0,31.5,9.0,4.4,1.62,,32.0,118,,,,75.375,8399cdc9-5e0e-4558-a767-110cc8e18bd1
2026,Bauer Sharp,LSU,TE,TE,4890373.0,76.625,249.0,31.75,9.75,4.63,1.68,,35.0,120.0,7.05,4.33,20.0,77.0,a9ef894d-38a9-4c2a-be1d-b7284bf4cef0
2026,Bayo Kaninke,Utah Tech,OL,G,,76.625,323.0,34.75,10.75,5.29,1.94,2.94,28.0,110.0,7.76,4.88,22.0,,
2026,Bayo Kannike,San Diego State,OL,G,4694633.0,76.625,322.0,35.25,10.875,5.27,1.87,3.05,29.0,111.0,7.8,4.81,21.0,,
2026,Beau Stephens,Iowa,OL,G,4592823.0,77.5,315.0,31.125,9.25,5.35,1.82,3.06,28.0,102.0,7.6,4.85,,77.25,3f86bc2b-fd38-4a9c-9ad1-398a7708d813
2026,Behren Morton,Texas Tech,QB,QB,4431465.0,74.125,221.0,30.625,9.5,,,,,,,,,75.875,060000fc-70fb-4d95-bd14-338cebf88667
2026,Billy Schrauth,Notre Dame,OL,G,4685549.0,76.75,310.0,32.875,10.25,,,,,,,,,80.875,94474bc5-345e-4cbc-96ce-fd1ce2ad6f00
2026,Bishop Fitzgerald,USC,DB,SAF,5151810.0,71.0,201.0,31.25,9.5,4.55,1.58,,33.0,,,,12.0,74.125,e4c23d57-5fab-4a60-9aa2-22da7041fd26
2026,Bishop Fitzgerald,USC,DB,SS,5151810.0,70.875,201.0,31.25,9.5,4.55,1.58,2.83,33.0,,6.99,4.23,12.0,73.5,
2026,Blake Miller,Clemson,OL,OT,5081450.0,78.75,317.0,34.25,9.75,5.04,1.75,,32.0,113.0,7.75,4.65,,83.875,cc3bc2a3-508b-47ad-8f81-42ff1a24332b
2026,Bobby Jamison-Travis,Auburn,DL,DT,5159928.0,75.375,328.0,34.25,9.625,,,,,,,,,,41f89ceb-fe89-4ff4-81f8-5134133cccc1
2026,Brady Olsen,Central Connecticut State,QB,QB,,75.375,207.0,31.5,9.625,4.8,1.62,2.75,27.5,109.0,7.06,4.37,,,
2026,Brandon Cisse,South Carolina,DB,CB,5076652.0,71.75,189.0,30.75,8.5,4.4,1.53,,41.0,131.0,,4.33,15.0,75.875,e5f34d26-c83b-4f32-9580-cf36a581a426
2026,Brandon Cleveland,N.C. State,DL,DT,4685305.0,75.0,307.0,32.375,9.25,5.12,1.78,2.94,26.5,,,4.91,,,0a41eb5a-e93d-4d1f-8615-f88daaf69957
2026,Bradley Weaver,Rutgers,DL,EDGE,4709790.0,75.25,267.0,32.25,9.625,4.82,1.78,2.81,30.0,116.0,7.24,4.25,31.0,,
2026,Braylon Braxton,Southern Mississippi,QB,QB,4600403.0,74.125,220.0,32.5,10.0,4.75,1.71,2.76,,,7.23,4.58,,,
2026,Brenen Thompson,Mississippi State,WR,WR,4685553.0,69.375,164.0,29.375,9.0,4.26,1.54,,,,,,,71.375,e1f9e653-e1b3-4886-80c9-03c873be0784
2026,Brett Karhu,New Mexico,DL,EDGE,5220449.0,72.875,229.0,30.75,9.375,4.79,1.64,2.76,34.0,117.0,7.51,4.58,26.0,,
2026,Brett Thorson,Georgia,SPEC,P,4799994.0,73.25,237.0,30.375,9.25,,,,,,,,,,94832134-d876-47b6-bcad-2f199ea0a940
2026,Brian Parker II,Duke,OL,C,4689117.0,77.25,309.0,32.875,10.0,5.14,1.78,2.96,,109.0,7.66,4.8,29.0,79.0,b36e0836-38f2-4cf9-bfe0-f9a9e9724795
2026,Bryan Thomas Jr.,South Carolina,DL,EDGE,4836472.0,73.875,240.0,31.375,9.25,4.81,1.60,2.81,32.5,116.0,7.15,4.46,22.0,,
2026,Bryce Boettcher,Oregon,LB,LB,5088571.0,73.25,233.0,30.75,9.0,,,,,,,,,75.125,7d45f3cc-7af0-4295-9719-8bc38535a865
2026,Bryce Lance,North Dakota State,WR,WR,4879276.0,75.375,204.0,32.125,9.25,4.34,1.49,,41.5,133.0,7.0,4.15,,79.5,80193600-a580-4d67-9a30-2eebec2ec10c
2026,Bryson Eason,Tennessee,DL,DT,4692563.0,74.125,323.0,33.125,10.0,5.09,1.8,,30.5,112.0,,5.0,,,bf646753-ed47-4cd3-8a6e-0eda5ba91d6a
2026,Bud Clark,TCU,DB,SAF,4430262.0,72.875,188.0,31.5,9.0,4.41,1.56,,38.0,127.0,,,,76.5,0f64a27f-0169-4417-9fea-ab7a8e0c1867
2026,CJ Allen,Georgia,LB,LB,4870598.0,72.75,230.0,31.5,10.125,,,,,,,,,75.5,2acd20a2-3e12-4c34-ae57-b7011fb5e10c
2026,CJ Daniels,Miami,WR,WR,4605951.0,74.25,202.0,31.75,9.25,4.58,1.61,,34.5,123,7.03,4.27,,,e02d32a3-eb50-4440-a4e7-9d7ba2d0f694
2026,CJ Donaldson,Ohio State,RB,RB,5081999.0,73.625,230.0,31.75,9.5,,,,,,,,,79.25,1ce3d2ff-ff6f-4fbf-964d-d4a2348b159a
2026,Cade Klubnik,Clemson,QB,QB,4685413.0,74.25,207.0,31.125,9.25,4.65,1.58,,33.5,,,,,77.25,8057d5ed-4641-4d17-8aa0-857ab26a0195
2026,Cade Denhoff,Clemson,DL,EDGE,4567943.0,76.125,261.0,32.75,9.875,4.68,1.65,2.70,27.5,115.0,7.49,4.54,21.0,,
2026,Caden Curry,Ohio State,DL,EDGE,4685324.0,74.75,257.0,30.125,9.375,,,,,,,,,76.0,728dd46e-8040-4f1a-88b2-9e511d7ea9e3
2026,Caleb Banks,Florida,DL,DT,4602019.0,78.25,327.0,35.0,10.875,5.04,1.76,,32.0,114.0,,,,85.75,16af396a-d0ef-4c28-8b75-c6e380392b53
2026,Caleb Douglas,Texas Tech,WR,WR,4869645.0,75.5,206.0,32.5,10.125,4.39,1.55,,31.5,126.0,,,,,31b56715-7c58-441b-a7f9-a2bb20aeb92a
2026,Caleb Downs,Ohio State,DB,SAF,4870706.0,71.625,206.0,30.25,9.5,,,,,,,,,73.25,095ce0fa-e258-4b09-abda-e3ed5521d153
2026,Caleb Lomu,Utah,OL,OT,4921438.0,78.25,313.0,33.375,9.5,4.99,1.74,,32.5,113.0,,,,82.75,7de04d8d-389b-4f20-a01c-0337ce0eb53f
2026,Caleb Tiernan,Northwestern,OL,OT,4592836.0,79.625,323.0,32.25,9.0,,,,35.5,111.0,,,,79.5,2d591ba1-ae64-459a-b443-78609241160c
2026,Cameron Ball,Arkansas,DL,DT,4691878.0,75.625,310.0,33.0,9.5,5.13,1.79,,32.0,109.0,8.02,4.76,,,30b3387a-5006-4456-9118-64f72c66de12
2026,Cameron Robertson,SMU,DL,EDGE,4900789.0,75.5,253.0,32.375,9.5,4.84,1.69,2.76,,112.0,7.33,4.40,14.0,,
2026,Cannon Butler,Iowa State,DL,EDGE,4696459.0,77.625,259.0,32.25,9.25,4.93,1.71,2.81,36.0,123.0,7.84,4.71,27.0,,
2026,Carnell Tate,Ohio State,WR,WR,4871023.0,74.25,192.0,31.75,10.25,4.53,1.61,,,,,,,78.0,ca4de2b6-af6c-47ff-bab0-b99d33dab5bb
2026,Carson Beck,Miami,QB,QB,4430841.0,76.75,233.0,30.625,10.0,,,,,,,,,75.0,8b08be5c-46a5-48a9-a515-ce3b602816c2
2026,Carson Bruno,TCU,OL,G,4683278.0,75.5,302.0,32.125,9.625,5.07,1.83,2.97,29.0,103.0,7.71,4.75,25.0,,
2026,Carver Willis,Washington,OL,OT,4565779.0,77.0,303.0,32.5,9.5,5.11,1.84,,26.5,108.0,,,,,d2501b60-0c62-4f66-a6cb-aedc8123aa05
2026,Cashius Howell,Texas A&M,DL,EDGE,4710752.0,74.5,253.0,30.25,9.25,4.59,1.58,,32.5,115.0,,,22.0,74.25,1a9fc313-117c-42de-9ec4-10443e0110da
2026,Caullin Lacy,Louisville,WR,WR,4430185.0,69.125,183.0,29.375,9.875,4.55,1.59,,33.5,116.0,,,,,3825ef7b-a07e-4c4c-a000-7c4340ed183c
2026,Cazeem Moore,Virginia,DL,EDGE,5086542.0,75.5,254.0,34.0,9.0,4.94,1.69,2.73,32.0,116.0,,,21.0,,
2026,Chad Lindberg,North Carolina,OL,C,4429078.0,78.625,320.0,34.0,9.75,,,,29.0,101.0,7.91,4.90,,,
2026,Chandler Rivers,Duke,DB,CB,4702918.0,69.5,185.0,29.375,9.5,4.4,1.55,,39.0,130.0,,,,73.0,940d1d32-d117-43ac-aeca-0adc1d8b2095
2026,Charles Demmings,Stephen F. Austin State,DB,CB,5091793.0,73.125,193.0,32.0,10.125,4.41,1.55,,42.0,132.0,,,,77.75,170a14bb-c87e-4876-8ac8-1ca0ab827a8a
2026,Chase Bisontis,Texas A&M,OL,G,4870596.0,77.25,315.0,31.75,9.75,5.02,1.76,,32.0,105.0,7.53,4.78,,78.875,55f3e0b8-d277-45a2-9102-eca941c2ee50
2026,Chase Roberts,BYU,WR,WR,4714388.0,75.25,209.0,31.5,9.75,4.64,1.6,,37.0,126.0,6.9,4.28,,,7dd33483-8d29-41bf-b659-4e3beb685b45
2026,Chibuike Madu,Nigeria,DL,EDGE,,74.0,300.0,34.0,9.625,4.81,1.63,2.80,30.5,119.0,7.75,4.81,30.0,,
2026,Chief Borders,UNLV,DL,EDGE,4600388.0,75.375,243.0,32.0,9.75,4.75,1.68,2.74,32.5,112.0,7.20,4.53,23.0,,
2026,Chris Adams,Memphis,OL,OT,4698083.0,77.125,311.0,33.625,10.375,,,,,,,,,,53481cbe-6284-41dd-a201-a804354c867e
2026,Chris Amos,Kean,DB,SS,,72.875,201.0,31.75,9.375,4.56,1.59,2.61,37.5,127.0,7.4,4.27,17.0,,
2026,Chris Bell,Louisville,WR,WR,4869961.0,73.875,222.0,31.75,10.0,,,,,,,,,76.75,5b1f09cc-a4b2-4bb9-b116-c2234abb9763
2026,Chris Brazzell II,Tennessee,WR,WR,5091739.0,76.0,198.0,32.375,9.0,4.37,1.52,,,,,,,80.125,6a16fe62-4789-4b67-beab-2cc9b5d3c6a8
2026,Chris Hilton Jr.,LSU,WR,WR,4431334.0,72.0,188.0,32.0,9.25,4.41,1.57,,34.5,122.0,7.25,4.41,,79.625,eec6df8c-2130-4f39-96fb-ae40946535c8
2026,Chris Johnson,San Diego State,DB,CB,4869579.0,72.375,193.0,30.625,9.875,4.4,1.54,,38.0,126.0,,,17.0,76.375,5ddd05b5-aca6-4c20-b717-397d31572f1d
2026,Chris McClellan,Missouri,DL,DT,4820574.0,75.75,313.0,34.0,11.0,5.05,1.8,,29.5,108.0,,,25.0,83.25,bac9d2ec-7ff3-4642-9770-fe5d97c1f217
2026,Christen Miller,Georgia,DL,DT,4685479.0,75.75,321.0,33.0,10.0,,,,,,,,,80.125,5dd6ac8e-d64a-4b89-b7ce-d4b47d074881
2026,Colbie Young,Georgia,WR,WR,5092508.0,76.75,218.0,31.875,9.5,4.49,1.59,,,,,,,,d9eb6957-bd40-41d7-b50a-8344a1dc3005
2026,Cole Payton,North Dakota State,QB,QB,4879250.0,74.625,232.0,31.625,10.25,4.56,1.57,,40.0,130.0,7.12,4.36,,78.75,4c58e6ba-7e1b-4194-b4c3-acf4bc0a0032
2026,Collin Wright,Stanford,DB,CB,4833376.0,72.25,188.0,30.75,8.75,,,,39.0,,,,,,ea93c139-d46f-40c2-9011-bdd12d7349a5
2026,Colton Hood,Tennessee,DB,CB,4921249.0,71.625,193.0,31.375,9.0,4.44,1.58,,40.5,125.0,,,,74.875,a0ffe693-9f4b-4458-8c2e-797c6ff199fc
2026,Connor Lew,Auburn,OL,C,4870866.0,75.5,310.0,32.375,9.0,,,,,,,,,78.875,7087fa41-b95c-4954-b9b6-e45cbabe81fc
2026,Cyrus McGarrell,Northern Illinois,DB,SS,4710853.0,73.25,198.0,31.0,9.5,4.71,1.65,2.71,37.5,126.0,6.89,4.27,14.0,,
2026,D'Angelo Ponds,Indiana,DB,CB,5118340.0,68.625,182.0,29.375,9.625,,,,43.5,,,,,72.25,61640e77-9d4c-48a4-afc1-7b74c3352753
2026,DJ Campbell,Texas,OL,G,5081977.0,75.0,313.0,34.25,10.25,5.01,1.76,2.93,26.5,104.0,,4.78,,82.125,0b97467d-fa24-4119-b7c2-e65917af7308
2026,DJ Rogers,TCU,TE,TE,4710711.0,75.875,258.0,33.625,9.5,,,,,,,,,82.25,06308953-72d2-4ce4-b6de-fbb187b7dd04
2026,DJ Wingfield,USC,OL,G,5082352.0,75.625,311.0,33.625,9.625,5.16,1.85,3.06,23.0,100.0,7.78,4.83,21.0,,
2026,Dae'Quan Wright,Mississippi,TE,TE,4838696.0,75.75,246.0,32.25,9.25,,,,,,,,,78.5,7156c958-2278-4aaa-90ce-8beacb6ca841
2026,Dallen Bentley,Utah,TE,TE,5159802.0,76.125,253.0,33.125,9.25,4.62,1.62,,35.0,118.0,,4.42,24.0,79.375,219cc4ad-d771-457d-8d53-9aa219831968
2026,Dalton Johnson,Arizona,DB,SAF,4682488.0,70.875,192.0,30.875,9.125,4.41,1.59,,36.0,119.0,,,,74.75,207ed7a4-5ba6-48da-bb5c-11c98bd0f7c8
2026,Dametrious Crownover,Texas A&M,OL,OT,4431526.0,79.25,319.0,35.375,10.0,5.14,1.79,,,,7.88,4.98,,85.25,2e3e7721-a4eb-4d8c-b454-61a843cc0509
2026,Damonic Williams,Oklahoma,DL,DT,4685582.0,73.625,305.0,33.125,10.0,,,,,100.0,,4.96,30.0,,e934c456-76c7-40fa-81ef-97195c7090c5
2026,Damonte Smith,Middle Tennessee State,DL,DT,4714294.0,73.0,295.0,31.5,9.875,5.05,1.76,2.95,27.0,106.0,7.71,4.87,31.0,,
2026,Dani Dennis-Sutton,Penn State,DL,EDGE,4685315.0,77.625,256.0,33.5,10.125,4.63,1.63,,39.5,131.0,6.9,,26.0,82.25,7aa35736-0ba0-4806-a54a-48eb75d436e5
2026,Darrell Jackson Jr.,Florida State,DL,DT,4612836.0,77.5,315.0,34.75,11.0,,,,26.5,,,,,86.0,18294d9e-63b3-4b50-8291-a7545a2fc578
2026,Darrian Lewis,West Virginia,DB,SS,4710851.0,69.625,193.0,30.875,8.875,4.51,1.54,2.56,36.5,125.0,7.15,4.26,,,
2026,David Bailey,Texas Tech,DL,EDGE,4685248.0,75.625,251.0,33.75,10.25,4.5,1.62,,35.0,129.0,,,,79.75,aecc62b8-a52a-46eb-b39a-50fe0a874a0e
2026,David Blay Jr.,Miami,DL,DT,5150999.0,74.375,292.0,32.0,10.25,5.07,1.74,2.97,,98.0,7.69,4.81,27.0,,
2026,David Gusta,Kentucky,DL,DT,4602934.0,74.375,308.0,31.125,10.0,4.88,1.68,,32.0,,,,37.0,76.25,e4731ce1-6ed2-46ea-9278-0c4d63b01fe1
2026,Davison Igbinosun,Ohio State,DB,CB,4832035.0,74.125,189.0,32.875,9.125,4.45,1.58,,34.0,120.0,,,,78.625,ea49ea08-f421-499f-9dfe-329af74c1ca4
2026,Daylen Everette,Georgia,DB,CB,4685327.0,73.25,196.0,31.875,9.625,4.38,1.54,,37.5,124.0,,,,77.625,36ac2bcc-5dc7-4368-8794-78827c9dc4f8
2026,Dayon Hayes,Texas A&M,DL,EDGE,4429920.0,75.125,290.0,32.625,9.25,4.81,1.69,2.81,28.0,110.0,7.26,4.39,19.0,,
2026,De'Zhaun Stribling,Mississippi,WR,WR,4710714.0,74.125,207.0,31.625,10.0,4.36,1.53,,36.0,127.0,,,,,e7292708-a2a9-4f2e-b676-b13752c18340
2026,DeMonte Capehart,Clemson,DL,DT,4429007.0,76.875,313.0,33.875,10.25,4.85,1.71,,33.5,107.0,,,,82.75,efde2fd0-d797-41f4-a6b0-d1b7821aa738
2026,DeShon Singleton,Nebraska,DB,SAF,5081093.0,75.0,205.0,32.875,10.0,4.57,,,39.5,130.0,,,,80.25,554af848-9ba2-49d3-863c-8608b1540d70
2026,Deion Burks,Oklahoma,WR,WR,4683151.0,69.75,180.0,29.375,9.5,4.3,1.49,,42.5,131.0,7.18,4.19,26.0,72.75,0961d644-229a-42fe-9b3e-8676eab74b85
2026,Demond Claiborne,Wake Forest,RB,RB,4832846.0,69.75,188.0,30.125,9.0,4.37,1.59,,,122.0,,,,72.25,b03915d8-3fd4-49ac-82d4-37a2b4f1bf70
2026,Denzel Boston,Washington,WR,WR,4832800.0,75.625,212.0,32.0,9.75,,,,35.0,,6.8,4.28,,77.375,899bbb34-08ea-4515-8ff7-f4db5c695daf
2026,Deontae Lawson,Alabama,LB,LB,4432725.0,74.875,226.0,31.875,9.25,,,,,,,,,78.25,450c7425-8983-49ea-861a-91f71e5aaa66
2026,Derek Robertson,Monmouth,QB,QB,4696065.0,73.625,214.0,31.5,9.375,4.71,1.69,2.76,31.0,113.0,7.43,4.4,,,
2026,Derrick Moore,Michigan,DL,EDGE,4685461.0,75.875,255.0,33.375,9.125,,,,30.0,115.0,,,,81.25,78c527e2-9923-4855-883d-3141d18a5263
2026,Desmond Reid,Pittsburgh,RB,RB,5089535.0,66.25,174.0,28.125,8.25,4.58,,,35.0,,,,,69.75,bb713b7c-6497-412e-9ad6-a872ecb3b8b5
2026,Deven Eastern,Minnesota,DL,DT,4609203.0,77.25,315.0,34.0,10.0,,,,27.5,112.0,8.07,,,,818c233c-8366-4179-9413-d255834f79e0
2026,Devin Moore,Florida,DB,CB,4702577.0,75.25,198.0,31.625,8.625,4.5,1.56,,34.5,,,,,76.875,ff6e5f0e-73d7-49e8-bbec-3673640b9067
2026,Diego Pavia,Vanderbilt,QB,QB,5084180.0,70.125,207.0,28.625,9.625,4.83,1.65,2.73,,,,4.38,,73.5,42ed090f-b233-4071-90ca-35ba52deace9
2026,Diego Pounds,Mississippi,OL,OT,4602984.0,78.0,325.0,33.75,9.75,5.15,1.77,,30.0,112.0,7.9,,,84.25,6bb49c3b-c953-4dd8-8ba0-d2ec1a0b288c
2026,Dillon Bell,Georgia,WR,WR,4712579.0,72.75,209.0,30.25,9.5,4.5,1.58,,39.0,126.0,,,,,8cd3eef7-68d6-46e9-a8a0-202e7b94d797
2026,Dillon Thieneman,Oregon,DB,SAF,4954445.0,72.125,201.0,31.375,9.0,4.35,1.52,,41.0,125.0,,,18.0,78.125,53fcdd12-a09e-479d-addd-08f06be57a14
2026,Dillon Wade,Auburn,OL,G,4581189.0,75.375,316.0,31.875,10.0,5.02,1.75,,28.5,104.0,,,,79.25,5d42ed5b-a04a-49af-b145-59b596936952
2026,Domani Jackson,Alabama,DB,CB,4685402.0,72.75,194.0,31.125,9.125,4.41,1.58,,,,,,,,24284823-0974-4d94-9add-083bee39fd9b
2026,Dominic Zvada,Michigan,SPEC,K,5082424.0,75.25,178.0,31.75,9.125,,,,,,,,,,d4297f61-4ae3-4b8a-898d-762fb4398df5
2026,Domonique Orange,Iowa State,DL,DT,4698728.0,74.375,322.0,33.375,10.25,,,,,,,,,,e851f767-520c-41f0-9c96-60f975c72013
2026,Donaven McCulley,Michigan,WR,WR,4596347.0,76.5,203.0,32.625,10.25,,,,,,,,,,01392846-1921-4876-a51f-3b17ee480aac
2026,Dontay Corleone,Cincinnati,DL,DT,4594205.0,72.5,340.0,31.875,9.5,,,,,,,,,77.5,c4478c66-f9a6-46fe-b5ac-2c00b1d1e0f2
2026,Drew Allar,Penn State,QB,QB,4714771.0,77.25,228.0,32.75,9.875,,,,,,,,,79.625,6a77ebea-c7e0-4364-b1b0-3ed22e226de8
2026,Drew Nash,Western Colorado,QB,QB,,73.375,211.0,32.0,9.625,4.67,1.69,2.75,31.5,111.0,7.45,4.52,20.0,,
2026,Drew Shelton,Penn State,OL,OT,4685554.0,77.125,313.0,33.375,9.625,5.16,1.79,,31.0,112.0,,,,82.375,f72adefc-0138-423f-a390-d3c0b38948bf
2026,Drew Stevens,Iowa,SPEC,K,5081335.0,73.125,213.0,29.875,9.25,,,,,,,,,,10188894-9801-4ec6-8df2-2935fecfc184
2026,Eli Blakey,Miami (OH),DB,SS,4597312.0,73.625,204.0,33.25,8.75,4.78,1.5,2.78,36.0,121.0,7.05,4.28,,,
2026,Eli Heidenreich,Navy,RB,RB,5081508.0,72.0,198.0,29.25,9.5,4.44,1.55,,35.5,120.0,6.5,4.03,16.0,73.25,5eeeba09-5e94-455e-878a-46b8050ff229
2026,Eli Raridon,Notre Dame,TE,TE,4831959.0,78.125,245.0,32.75,10.75,4.62,1.6,,36.0,123.0,7.16,4.37,20.0,80.0,161f9620-61d9-4178-950e-a9abd3b19806
2026,Eli Stowers,Vanderbilt,TE,TE,4431574.0,75.75,239.0,32.625,9.75,4.51,1.59,,45.5,135.0,,,,79.75,d342623d-a3ec-4c94-9d82-466f2f83274e
2026,Elijah Sarratt,Indiana,WR,WR,5088338.0,74.5,210.0,31.25,10.0,,,,,,,,,75.75,6e3d25b1-56fb-4866-a90b-3847d8f86645
2026,Emmanuel Henderson Jr.,Kansas,WR,WR,4685381.0,72.875,185.0,31.0,8.375,4.44,1.56,,35.0,120.0,7.34,4.33,,76.75,f44e5742-e199-4a37-8ad0-eb802bb27086
2026,Emmanuel McNeil-Warren,Toledo,DB,SAF,4837186.0,75.5,201.0,32.125,9.25,4.52,1.58,,35.5,122.0,,,,78.25,53f26b43-7553-4736-a6c9-ffeeb12d706b
2026,Emmanuel Pregnon,Oregon,OL,G,4608929.0,76.25,314.0,33.625,11.0,5.21,1.82,,35.0,111.0,,,,82.875,bdafa9c9-fa1e-4c60-a9ae-9e17d391bd02
2026,Emmett Johnson,Nebraska,RB,RB,4832955.0,70.25,202.0,30.25,9.75,4.56,1.59,,35.5,120.0,7.32,4.29,16.0,74.375,e4da5f73-f76a-42a9-8ddb-7f2fb72d6580
2026,Enrique Cruz,Houston,OL,OT,4691556.0,77.5,313.0,33.75,10.25,4.94,1.74,,35.0,116.0,,,,82.75,f0af61d9-0713-462e-9efe-18e0c79d0baa
2026,Ephesians Prysock,Washington,DB,CB,4685523.0,75.375,196.0,33.125,9.75,4.45,1.57,,39.0,124.0,,,,80.5,81e19e94-8db7-4d1c-a0d9-9d067cf0843f
2026,Eric Gentry,USC,LB,LB,4602656.0,78.625,221.0,35.0,10.5,4.54,,,35.5,124,6.76,4.32,13.0,85.625,8ecc9c16-cbe5-4d9f-af69-6a0f7563d258
2026,Eric McAlister,TCU,WR,WR,4602185.0,75.625,194.0,32.625,9.75,,,,,,,,,,1f85078a-e4d0-45b9-b387-8af2dec16c49
2026,Eric Meeks,Marshall,OL,C,4700141.0,74.375,303.0,31.0,9.0,5.34,1.71,2.97,32.5,103.0,7.69,4.78,21.0,,
2026,Eric O'Neill,Rutgers,DL,EDGE,4892218.0,74.125,247.0,31.0,9.625,4.81,1.69,2.81,35.5,117.0,7.38,4.40,27.0,76.25,
2026,Eric Rivers,Georgia Tech,WR,WR,4713277.0,70.125,176.0,30.5,9.0,4.35,1.52,,37.0,127.0,,,,74.875,225babdf-354e-4a59-b325-046d223d9d7a
2026,Ethan Hurkett,Iowa,DL,EDGE,4429965.0,75.0,244.0,31.125,10.25,4.87,1.64,2.80,38.5,115.0,7.15,4.40,19.0,,
2026,Evan Beerntsen,Northwestern,OL,G,4572675.0,75.5,301.0,32.125,9.375,5.25,1.82,3.03,32.5,105.0,7.65,4.8,22.0,,0a1e2fe1-5192-44c0-8279-e9c4d633fac3
2026,Evan Simon,Temple,QB,QB,4431387.0,74.125,213.0,30.875,9.5,4.88,1.66,2.79,32.5,112.0,7.38,4.37,,,
2026,Fa'alili Fa'amoe,Wake Forest,OL,OT,4697624.0,77.375,311.0,33.875,10.625,,,,28.5,104.0,,,25.0,,b202fa6d-fce0-4e3c-a836-e114e65581bf
2026,Febechi Nwaiwu,Oklahoma,OL,G,4880873.0,76.25,319.0,34.5,9.625,5.32,1.89,3.19,24.5,105.0,7.8,4.73,29.0,82.75,50644161-6802-4904-8403-303f54d2daa7
2026,Fernando Carmona,Arkansas,OL,G,4710000.0,76.625,316.0,32.125,9.5,5.22,1.85,,29.0,103.0,7.5,4.75,,80.5,63851dbd-a5e6-4bd9-8654-e5cdff69c461
2026,Fernando Mendoza,Indiana,QB,QB,4837248.0,76.75,236.0,31.875,9.5,,,,,,,,,76.75,065c9999-c256-42ec-a098-516a2296b387
2026,Finn Claypool,Fresno State,DL,EDGE,4876835.0,71.5,250.0,30.75,9.5,4.64,1.67,2.69,33.0,120.0,7.38,4.56,21.0,,
2026,Florian Staehler,New Mexico State,OL,G,4878146.0,78.0,315.0,32.875,9.5,5.46,1.91,3.04,30.0,108.0,,,21.0,,
2026,Francis Mauigoa,Miami,OL,OT,4870914.0,77.625,329.0,33.25,10.625,5.13,1.78,3.05,29.0,106.0,7.77,4.59,,80.75,d47f2d0d-ed39-44d5-8766-ba0a834d8a76
2026,Gabe Jacas,Illinois,DL,EDGE,4837244.0,75.625,260.0,33.0,10.0,,,,,,,,30.0,78.875,a96bfdd5-b394-43c2-9d89-0b6d236a1e05
2026,Garrett DiGiorgio,UCLA,OL,G,4684542.0,78.625,319.0,32.625,10.125,5.36,1.86,,29.5,106.0,,,,,009a817c-5806-48be-beee-81c4854d4495
2026,Gavin Gerhardt,Cincinnati,OL,C,4433823.0,76.375,309.0,32.5,9.25,5.21,1.84,3.03,25.5,103.0,7.65,4.67,27.0,,
2026,Garrett Nussmeier,LSU,QB,QB,4567747.0,73.625,203.0,30.375,9.125,,,,,,,,,75.25,838ac596-c7a0-479f-bc5c-314d4178d01f
2026,Gary Smith III,UCLA,DL,DT,4431390.0,73.0,319.0,32.5,9.75,,,,28.0,,,,,,5fc61ef6-128e-46f1-9292-df07e1040a4a
2026,Genesis Smith,Arizona,DB,SAF,4950551.0,74.125,202.0,32.5,8.875,4.48,,,42.5,128.0,,4.18,,79.25,978e8773-baaf-44c0-a5d2-b508c7eaf251
2026,Gennings Dunker,Iowa,OL,G,4431258.0,77.0,319.0,33.5,10.0,5.18,1.83,,32.5,108.0,,4.63,,82.125,05ab3f56-b61b-4d23-b36f-743e39f847e1
2026,Geno VanDeMark,Alabama,OL,C,4875981.0,76.375,314.0,31.0,10.25,5.25,1.84,3.02,27.0,101.0,7.64,4.82,23.0,,
2026,George Gumbs Jr.,Florida,DL,EDGE,4708238.0,76.375,245.0,33.625,9.0,4.66,1.67,,41.0,121.0,7.0,,22.0,,7ba92150-7093-4193-9098-8dba777405b5
2026,George Sell,Wake Forest,OL,G,4431377.0,76.125,304.0,32.75,10.375,5.25,1.79,3.01,29.5,108.0,7.9,4.84,33.0,,
2026,Germie Bernard,Alabama,WR,WR,4685261.0,73.25,206.0,30.375,9.875,4.48,1.52,,32.5,125.0,6.71,4.31,,74.875,5ec4d348-a0f7-4a72-bac0-2932ca883837
2026,Giovanni El-Hadi,Michigan,OL,G,4431538.0,76.0,321.0,32.375,10.625,5.85,2.06,3.35,28.5,,8.14,5.06,,,
2026,Gracen Halton,Oklahoma,DL,DT,4685369.0,74.625,293.0,31.125,10.0,4.82,1.7,,36.5,114.0,8.09,4.79,25.0,77.25,f4e73b94-32b0-4033-887c-9c68d0112224
2026,Greg Crippen,Michigan,OL,C,4432684.0,75.5,301.0,31.375,9.5,5.43,1.75,3.13,28.0,104.0,7.90,4.72,24.0,,
2026,Harold Perkins Jr.,LSU,LB,LB,4685502.0,72.875,223.0,31.375,8.125,4.4,,,35.0,124,,,20.0,77.5,e685cfeb-ba2a-486c-96de-647d71770d3f
2026,Harrison Wallace III,Mississippi,WR,WR,4699354.0,71.875,192.0,32.125,8.375,4.54,1.58,,35,122,7.01,4.34,,,a8282c9a-1cae-4609-be34-7aa3e7302235
2026,Haynes King,Georgia Tech,QB,QB,4428993.0,74.375,212.0,31.875,9.0,4.46,1.56,,33.5,116.0,6.89,4.17,,76.5,892af4cd-614c-479c-88f1-75e1cc138d4f
2026,Hezekiah Masses,California,DB,CB,4917354.0,72.625,179.0,31.125,8.25,4.46,1.57,,31.5,119.0,,,,,f2ba8914-3879-41b3-8245-8861f3cee761
2026,Isaiah Rogers,Cincinnati,DL,DT,4710859.0,73.5,290.0,31.375,9.625,5.13,1.80,2.96,30.0,105.0,7.45,4.63,22.0,,
2026,Isaiah World,Oregon,OL,OT,5084965.0,80.0,318.0,,,,,,,,,,,,254028b4-587c-4f77-b3c7-2dbaee0d7903
2026,Izuchukwu Ozoh,Northern Illinois,OL,G,4889943.0,76.625,288.0,33.25,9.25,5.25,1.84,2.95,33.5,112.0,7.89,4.82,21.0,,
2026,J'Mari Taylor,Virginia,RB,RB,4713118.0,69.875,199.0,30.0,9.0,,,,34.5,115.0,,,20.0,72.875,5f6edbbd-0628-4cc8-8f7b-196892a7ca0d
2026,J'Onre Reed,USC,OL,C,5155079.0,75.0,311.0,34.25,9.5,5.42,1.84,3.07,23.0,97.0,8.20,5.12,17.0,80.75,
2026,J. Michael Sturdivant,Florida,WR,WR,4635009.0,74.875,207.0,32.875,9.5,4.4,1.54,,39.0,131.0,,,,,5efc5b34-3b94-451b-afbc-a24f5c37fedb
2026,J.C. Davis,Illinois,OL,OT,5082353.0,76.375,322.0,34.25,10.125,5.16,1.78,,30.5,99.0,,,,83.125,0e0a18b2-58c2-480f-8d42-fa31a20790b3
2026,Ja'Kobi Lane,USC,WR,WR,4870847.0,76.375,200.0,32.625,10.5,4.47,1.58,,40.0,129.0,,,11.0,79.5,7f948cde-66d4-4e1c-b443-1104bdf12c85
2026,Jabari Brooks,UCF,OL,G,4695840.0,75.0,343.0,34.5,10.25,5.29,1.86,3.07,27.0,108.0,8.22,4.82,34.0,,
2026,Jack Endries,Texas,TE,TE,5085189.0,76.625,245.0,31.125,9.625,4.62,1.59,,36.0,119.0,,,,76.875,73b50a4b-9033-4980-b766-164409e2a5ff
2026,Jack Kelly,BYU,LB,LB,4876380.0,73.625,240.0,31.125,9.125,4.57,1.61,,37.0,125.0,7.12,4.19,,77.375,c44f8bac-bd68-47b6-9776-db4064e15d54
2026,Jack Pyburn,LSU,DL,EDGE,4837252.0,75.875,258.0,30.875,10.0,,,,,,,,,77.0,f18669be-6714-420c-aaa3-41192239ea1f
2026,Jack Stonehouse,Syracuse,SPEC,P,4874436.0,74.0,211.0,32.625,9.25,,,,,,,,,,d1e1a27e-fb3f-4442-ad6a-0fc8c2a442ce
2026,Jack Walsh,Wyoming,OL,OC,4688596.0,75.5,304.0,33.25,9.375,5.2,1.76,2.9,29.5,105.0,7.52,4.65,22.0,,
2026,Jackie Marshall,Baylor,DL,DT,5081785.0,74.5,293.0,32.0,9.5,4.88,1.69,,,,,4.68,,,69e30bc9-3ec8-4daf-9d8b-dde2eccbff96
2026,Jackson Carsello,Northwestern,OL,OC,4684277.0,75.5,301.0,31.375,9.0,5.08,1.76,2.95,31.0,111.0,7.43,4.75,24.0,,
2026,Jackson Waring,Grand View,QB,QB,,74.5,224.0,31.0,8.5,4.71,1.69,2.75,36.0,116.0,7.34,4.62,,,
2026,Jacob Rodriguez,Texas Tech,LB,LB,4566094.0,73.375,231.0,30.875,9.25,4.57,1.6,,38.5,121.0,6.9,4.19,,74.625,62796f4a-6350-4adb-a36c-9281a29b3509
2026,Jacob Spomer,Fresno State,OL,C,5082312.0,74.25,290.0,31.25,10.125,5.06,1.80,2.84,28.0,113.0,7.37,4.60,28.0,,
2026,Jadarian Price,Notre Dame,RB,RB,4685512.0,70.625,203.0,30.875,9.625,4.49,1.61,,35.0,124.0,,4.25,21.0,76.5,ea97b7d4-da1a-46f2-8a00-1ef2aa9afcb3
2026,Jadon Canady,Oregon,DB,CB,4710706.0,70.5,181.0,30.0,9.25,,,,,,,,,,ce711d27-289f-4477-bc92-d6e5ccca179c
2026,Jaeden Roberts,Alabama,OL,G,5299985.0,77.25,333.0,33.375,10.25,5.26,1.85,3.08,,,,,25.0,83.25,265d0dc7-728d-4472-a9d3-28b00684efcb
2026,Jager Burton,Kentucky,OL,C,4569661.0,76.125,312.0,32.5,10.125,4.94,1.76,2.9,28.0,111.0,7.64,4.52,28.0,80.625,8b8431b9-d113-4ff6-ab7d-a526460d3995
2026,Jaishawn Barham,Michigan,DL,EDGE,4685266.0,75.5,240.0,32.375,10.25,4.64,1.61,,33.0,123.0,,,,,aae3b52a-3e19-43e5-9165-e7682b98de38
2026,Jake Golday,Cincinnati,LB,LB,4877652.0,76.5,239.0,31.875,9.5,4.62,1.6,,39.0,125.0,7.02,4.34,22.0,76.875,bc2f0490-3133-4a1d-abcd-d934b0aedb4a
2026,Jake Jarmolowich,Colorado State,DB,SS,4879057.0,72.75,186.0,31.375,8.625,4.59,1.55,2.68,33.5,120.0,7.18,4.3,13.0,,
2026,Jake Slaughter,Florida,OL,C,4682506.0,76.875,303.0,32.375,10.0,5.1,1.74,2.93,32.5,110.0,,,22.0,79.625,d7f2a3c3-e240-415c-8d9c-89ad77a0b14d
2026,Jakobe Thomas,Miami,DB,SAF,4710865.0,73.25,211.0,31.875,10.625,4.56,1.63,,33.0,119,,4.52,,,28882c62-84c4-4ca2-9e1f-7522f8371293
2026,Jalen Farmer,Kentucky,OL,G,4838270.0,76.875,312.0,34.25,9.25,4.93,1.75,,27.0,108.0,,,,82.625,554d53b9-ce2e-42a6-811b-6777a60d2a41
2026,Jalen Huskey,Maryland,DB,SAF,4912185.0,73.25,196.0,30.875,10.25,,,,,,,,,75.75,f6e1c400-e51b-44d7-88aa-f9376a43ea05
2026,Jalen Walthall,Incarnate Word,WR,WR,4875788.0,72.75,191.0,31.25,9.0,4.57,1.59,,35.0,131.0,,,,,1f1df957-afa6-4537-a351-5b91cecca857
2026,Jalon Daniels,Kansas,QB,QB,4596472.0,72.625,219.0,30.375,9.625,4.65,1.63,2.69,,,,,,76.75,77fb7d14-06a7-46bf-a0d3-ca6069268532
2026,Jalon Kilgore,South Carolina,DB,SAF,5076951.0,73.375,210.0,32.875,9.375,4.4,1.56,,37.0,130.0,,4.32,16.0,79.25,b657c93d-3507-4682-9ee6-02294b8038ce
2026,Jam Miller,Alabama,RB,RB,4685477.0,70.25,209.0,30.375,8.75,4.42,1.53,,30.5,115.0,,,,74.25,7b4d6794-8205-471a-8d9e-1c7a09c0ba63
2026,James Brockermeyer,Miami,OL,C,4567783.0,75.0,298.0,32.0,9.375,5.30,1.80,3.01,28.5,101.0,7.98,4.72,26.0,,93576253-d1a6-4121-8d61-2825243ba027
2026,James Laubstein,New Mexico,QB,QB,5228804.0,74.375,209.0,31.0,8.375,4.63,1.63,2.67,33.0,,7.12,4.56,16.0,,
2026,Jared Dawson,Notre Dame,DL,DT,4429531.0,73.0,284.0,33.75,9.75,5.13,1.77,2.90,32.0,117.0,,4.81,20.0,,
2026,Jaren Kanak,Oklahoma,TE,TE,4877034.0,74.0,234.0,30.5,9.375,4.52,1.61,,36.0,119.0,7.18,4.25,24.0,74.375,83a917eb-ea84-4c93-8ab0-fbd00dc61b0f
2026,Jaren Kump,Utah,OL,C,4608746.0,77.375,313.0,34.0,11.0,5.27,1.87,3.03,27.0,107.0,7.88,4.76,31.0,,
2026,Jason Compoh,Merrimack,DL,EDGE,4879015.0,73.5,255.0,32.25,9.5,4.82,1.64,,35.5,123.0,7.27,4.58,23.0,,
2026,Jax Harrington,Lafayette,OL,G,4429745.0,75.625,320.0,32.375,9.125,5.38,1.88,3.07,23.0,102.0,8.18,5.09,20.0,,
2026,Jaxson Campbell,Navy,DB,SS,5081507.0,71.0,203.0,31.125,9.25,4.71,1.59,2.7,31.5,119.0,7.01,4.18,16.0,,
2026,Jaylon Guilbeau,Texas,DB,CB,4685375.0,71.125,190.0,30.125,9.25,,,,,,,,,,c1898b7d-5550-4518-ab20-b5ebb64c8f69
2026,Jeff Caldwell,Cincinnati,WR,WR,4885466.0,77.375,216.0,32.625,9.75,4.31,1.48,,42.0,134.0,,,,78.125,6ab05c27-5a5e-42c0-b698-bfd3d7f44403
2026,Jelani Davis,Kent State,DL,DT,5083983.0,72.125,268.0,32.875,9.125,5.08,1.80,2.88,29.5,113.0,7.73,4.72,,,
2026,Jeremiah Wright,Auburn,OL,G,4433938.0,77.125,331.0,33.125,10.0,,,,,,,,,,5f4595c8-f471-40f9-9a3a-a00953086df0
2026,Jeremiyah Love,Notre Dame,RB,RB,4870808.0,72.0,212.0,32.0,9.125,4.36,1.55,,,,,,,78.625,a7dd5d4e-1c94-4ffa-9f5b-43045c2b4ea0
2026,Jermod McCoy,Tennessee,DB,CB,5157289.0,72.75,188.0,31.25,9.0,,,,,,,,14.0,77.0,8029935b-3120-4717-82d0-8b0e7f9bf4ba
2026,Jez Janvier,Southern Mississippi,OL,G,4706680.0,77.0,312.0,33.5,10.375,5.31,1.82,3.01,28.0,112.0,8.13,5.31,22.0,,
2026,Jimari Butler,LSU,DL,EDGE,4599738.0,76.0,258.0,31.5,8.625,4.75,1.64,2.70,30.0,114.0,,4.36,19.0,,
2026,Jimmy Rolder,Michigan,LB,LB,4896353.0,74.5,238.0,30.5,9.75,,,,36.0,119.0,7.0,4.26,,,2c4b6e9d-8533-45d8-aa97-e7ec33ce4ff4
2026,Joe Fagnano,Connecticut,QB,QB,4429582.0,75.25,226.0,31.375,9.25,4.83,1.67,,35.0,118.0,,4.35,,79.5,5b746a78-57ed-41a0-bc3c-3629cab56e75
2026,Joe Pesansky,Florida International,QB,QB,4879058.0,74.25,216.0,31.25,9.125,4.83,1.71,2.76,32.5,122.0,7.38,4.52,,,
2026,Joe Royer,Cincinnati,TE,TE,4565859.0,77.125,247.0,31.5,10.75,,,,,,,,,,1ec3184c-56c1-42c8-92f0-1b01bb194a74
2026,Joey Aguilar,Tennessee,QB,QB,5151948.0,75.25,229.0,31.75,9.625,,,,,,,,,77.125,12275134-8a26-4dc8-8310-6f0fa7308d78
2026,Joey Zelinksy,Pittsburgh,DL,EDGE,5083208.0,75.25,245.0,32.75,9.125,4.76,1.71,2.75,34.5,120.0,7.43,4.44,26.0,,
2026,John Michael Gyllenborg,Wyoming,TE,TE,4708490.0,77.75,249.0,31.0,10.0,4.6,1.6,,35.5,128.0,,4.22,,76.25,3078ea11-507f-410a-86c2-6542b488ec01
2026,Jonah Coleman,Washington,RB,RB,4702555.0,68.125,220.0,28.875,9.125,,,,,,,,22.0,71.125,30b3612f-ad79-416f-9bd3-1a043d905c73
2026,Jordan Botelho,Notre Dame,DL,EDGE,4429101.0,74.25,247.0,31.125,9.125,4.85,1.68,2.85,36.5,118.0,7.10,4.30,21.0,,
2026,Jordan Hudson,SMU,WR,WR,4685409.0,73.25,191.0,31.125,9.25,4.48,,,,,,,,,fb14c36f-7ca2-4a4f-a4d4-3dded650ac31
2026,Jordyn Tyson,Arizona State,WR,WR,4880281.0,74.125,203.0,30.25,9.125,,,,,,,,26.0,75.25,59053d1d-09c6-40ff-8534-abc228c77344
2026,Josh Cameron,Baylor,WR,WR,4879194.0,73.5,220.0,33.125,10.25,,,,,,,,,,1139a332-8675-4854-90ff-33501ad18b1c
2026,Josh Cuevas,Alabama,TE,TE,4876132.0,75.375,245.0,30.625,9.625,4.65,1.65,,34.0,118.0,7.37,4.38,,77.125,90473fae-f5fb-43c7-aa1a-414091628d31
2026,Josh Kreutz,Illinois,OL,C,4709386.0,73.625,290.0,31.25,9.75,5.47,1.93,3.07,30.5,105.0,7.94,4.68,32.0,,
2026,Joshua Braun,Kentucky,OL,G,4429177.0,78.125,325.0,34.625,10.5,,,,,101.0,7.62,,,85.375,0027f295-c6ff-41bd-8482-9a54731887f4
2026,Joshua Josephs,Tennessee,DL,EDGE,5081392.0,75.125,242.0,34.25,10.0,,,,,,,,,83.875,aa632df3-4f56-44cc-9234-6a7c2d4e4bdf
2026,Josiah Trotter,Missouri,LB,LB,4870998.0,73.875,237.0,32.25,10.25,,,,,,,,27.0,77.375,c6b2078c-497b-4ea3-b58f-4af54dbf5d7c
2026,Jude Bowry,Boston College,OL,OT,4869533.0,77.125,314.0,33.75,10.75,5.08,1.75,,34.5,115.0,,,,82.25,404094c6-b1d2-4a3f-9bb0-50cc012144d7
2026,Julian Neal,Arkansas,DB,CB,4684543.0,73.625,203.0,32.75,9.5,4.49,1.59,,40.0,134.0,7.13,4.2,16.0,79.25,b75f9c04-b609-4648-bbf9-75832492ca0f
2026,Julius Pierce,Florida International,OL,G,4430315.0,75.625,298.0,34.0,10.375,5.08,1.78,2.89,30.5,113.0,8.02,4.82,28.0,,
2026,Justin Harrington,West Virginia,DB,SS,4692524.0,74.25,209.0,33.75,10.0,4.46,1.54,2.59,34.5,116.0,7.01,4.36,16.0,,
2026,Justin Jefferson,Alabama,LB,LB,5150249.0,72.375,223.0,31.75,10.0,4.57,1.6,,38.5,125.0,,,,77.75,11cfde18-f521-4f72-8d98-ed99e61d9189
2026,Justin Joly,N.C. State,TE,TE,4912052.0,75.5,241.0,32.25,10.5,,,,,,,,,79.375,10bfd2ab-6fa9-4eed-aac2-954dcdfa453d
2026,Justin Meyers,Georgia Southern,DB,SS,4691316.0,70.5,201.0,31.625,9.375,4.74,1.51,2.71,35.5,119.0,7.13,4.33,18.0,,
2026,KC Concepcion,Texas A&M,WR,WR,4870653.0,71.625,196.0,30.25,9.25,,,,,,,,,74.875,615a7e5e-3623-4107-a8ed-6bf42dea5b0e
2026,Kaden Wetjen,Iowa,WR,WR,5081338.0,69.375,193.0,29.625,8.5,4.47,1.58,,35.5,,6.95,4.44,,,41a178f0-1f1d-4094-b89f-c9e83c35f471
2026,Kadyn Proctor,Alabama,OL,OT,4870976.0,78.625,352.0,33.375,9.75,5.21,1.84,,32.5,109.0,,,,81.625,77116485-d55d-4f9a-9853-02379f67c768
2026,Ka'ena DeCambra,Arizona,OL,C,4875802.0,75.5,291.0,32.0,10.125,5.26,1.87,3.07,27.0,102.0,7.74,4.64,25.0,,
2026,Kaelon Black,Indiana,RB,RB,4696044.0,69.0,208.0,,,,,,,,,,,,8f847133-c82b-4513-974e-253c55c3144b
2026,Kage Casey,Boise State,OL,OT,4868598.0,77.625,310.0,32.75,10.25,5.2,1.85,,,,8.01,,,,2199c1ca-e920-49ad-9852-6079ad08d59a
2026,Kaidan Bennett,Delaware State,QB,QB,,71.25,183.0,30.5,8.75,4.62,1.65,2.62,30.0,115.0,7.1,4.47,,,
2026,Kaleb Brown,North Alabama,DL,DT,,70.0,287.0,31.625,9.625,5.09,1.78,2.89,28.5,107.0,,,30.0,,
2026,Kaleb Elarms-Orr,TCU,LB,LB,4594321.0,74.0,234.0,31.5,9.0,4.47,1.59,,40.0,124.0,,4.41,,76.0,45bfdab9-5066-4ecc-9ddf-392269479d69
2026,Kaleb Proctor,Southeastern Louisiana,DL,DT,5084514.0,73.875,291.0,33.0,9.5,4.79,1.68,,33.0,113.0,,4.71,,79.75,52145f83-1e92-4ebe-aaa1-1daeb9c7f7a2
2026,Kam Dewberry,Alabama,OL,G,4685332.0,75.25,332.0,34.75,10.0,5.47,1.92,3.14,,91.0,,4.81,28.0,,
2026,Kamari Ramsey,USC,DB,SAF,4685518.0,72.25,202.0,30.625,9.25,4.47,1.57,,36.0,120.0,,,16.0,74.625,0e58393e-1532-4c7c-86da-f5d0cfc159b1
2026,Karson Sharar,Iowa,LB,LB,4709695.0,73.5,231.0,31.125,10.125,4.56,1.59,,40.0,123.0,,,,76.25,a46fd386-99df-41ab-94ad-152d77c94dc6
2026,Kayden McDonald,Ohio State,DL,DT,4870893.0,74.125,326.0,32.25,9.75,,,,,,,,,78.125,efbbf41f-a916-41ce-9b5b-68dde5d720b1
2026,Kaytron Allen,Penn State,RB,RB,4685246.0,71.375,216.0,29.5,9.5,,,,,,,,,72.75,0771bbfc-37d0-4f6a-9870-62eecab2f4c4
2026,Keagen Trost,Missouri,OL,OT,4575003.0,76.625,311.0,32.375,9.25,,,,31.0,,,,,80.875,d5ce59e7-d075-405e-a410-73ce844454e7
2026,Keionte Scott,Miami,DB,CB,5093694.0,71.25,193.0,31.375,9.625,4.33,,,,,,,,76.625,d4ad7550-5036-4321-a5c1-d75e6207c6ac
2026,Keith Abney II,Arizona State,DB,CB,5093004.0,69.875,187.0,30.0,9.75,,,,,,,,15.0,,e9499b70-1c2b-4035-bb58-9815571de641
2026,Keldric Faulk,Auburn,DL,EDGE,4870707.0,77.875,276.0,34.375,9.875,4.67,,,35.0,117.0,,,,82.25,4d4ef60c-9a92-4d88-9880-c28ab6b86c33
2026,Kendal Daniels,Oklahoma,LB,LB,4595343.0,77.0,242.0,32.5,9.5,,,,,,,,,,eb6f8a68-ddbf-4e15-88aa-b7e94423d190
2026,Kendrick Law,Kentucky,WR,WR,4685441.0,71.375,203.0,31.125,9.625,4.45,1.56,,42.0,128.0,,,21.0,,fced2332-c8a0-4c78-b13d-26ac9b30d20e
2026,Kenyon Sadiq,Oregon,TE,TE,5083315.0,75.125,241.0,31.5,10.0,4.39,1.54,,43.5,133.0,,,26.0,78.25,61566c3f-d554-4085-9ee1-221b360c38b9
2026,Kevin Cline,Boston College,OL,G,4431025.0,78.25,316.0,33.125,9.25,5.5,1.79,3.14,28.5,98.0,8.13,4.84,31.0,,
2026,Kevin Coleman Jr.,Missouri,WR,WR,4685307.0,70.25,179.0,30.0,9.5,4.49,1.62,,38.5,126.0,,,,,7ec76fd0-f17b-4a5e-9375-dc0daf5e8a08
2026,Key Lawrence,UCLA,DB,SS,4692602.0,73.25,206.0,31.25,8.875,4.56,1.62,2.64,34.5,125.0,7.37,4.44,16.0,,
2026,Keylan Rutledge,Georgia Tech,OL,G,4839498.0,75.625,316.0,33.25,10.0,5.05,1.81,,32.5,104.0,7.54,4.54,28.0,81.375,51b0c6dc-ce8b-46a7-9643-025c44309966
2026,Keyron Crawford,Auburn,DL,EDGE,4911904.0,76.375,253.0,32.0,9.0,,,,,,,,,,254b2028-ba0f-4554-bdda-f0372a4575d3
2026,Keyshaun Elliott,Arizona State,LB,LB,4911952.0,73.75,231.0,31.25,9.25,,,,38.0,125.0,,,21.0,76.0,35e1eef4-837b-47a5-9ff2-39a74b783be3
2026,Khalil Dinkins,Penn State,TE,TE,4699678.0,76.25,251.0,33.25,9.5,4.72,1.7,,32.5,119.0,7.28,4.33,25.0,,e27d048d-773c-472c-b3e7-a19a316830a5
2026,Kiael Kelly,Ball State,QB,QB,4431416.0,72.125,194.0,31.375,9.0,4.65,1.65,2.62,34.5,123.0,6.91,4.37,7.0,,
2026,Kimo Makane'ole,West Virginia,OL,G,4686693.0,75.375,307.0,32.875,10.375,5.19,1.75,3.01,27.5,105.0,7.73,4.76,27.0,,
2026,Kobe Baynes,Kansas,OL,G,4429254.0,76.0,321.0,32.75,9.625,5.35,1.8,2.98,24.5,101.0,7.66,4.75,21.0,82.5,
2026,Kolinu'u Faaiu,Texas A&M,OL,C,4683648.0,74.75,327.0,32.0,9.5,5.39,1.83,3.03,28.5,104.0,7.75,4.80,29.0,,
2026,Korey Foreman,Fresno State,DL,EDGE,4431274.0,75.625,270.0,32.5,10.0,4.82,1.70,2.75,29.0,111.0,7.48,4.65,29.0,,
2026,Krisopher Trinidad,Old Dominion,DL,EDGE,4710795.0,76.5,266.0,33.375,9.5,4.95,1.70,2.85,29.5,115.0,7.46,4.32,25.0,,
2026,Kyle Juergens,Connecticut,OL,G,4430112.0,76.75,303.0,32.25,9.0,5.28,1.88,3.07,25.0,98.0,7.52,4.81,,,
2026,Kyle Louis,Pittsburgh,LB,LB,4880273.0,71.875,220.0,31.25,9.5,4.53,1.58,,39.5,129.0,6.97,4.26,,76.125,7c625915-edbb-4c62-8c12-9e8c036e6748
2026,Kyjuan Vengrowsky,North Dakota,DL,EDGE,5301475.0,72.125,245.0,31.75,9.5,4.84,1.82,2.75,32.0,110.0,7.25,4.43,21.0,,
2026,LT Overton,Alabama,DL,EDGE,4870960.0,75.0,274.0,33.25,10.625,4.87,1.7,2.84,26.0,108.0,7.61,4.75,,81.375,fd78aa5b-e9a7-4dda-9f20-f55bc45c11fb
2026,Lake McRee,USC,TE,TE,4566198.0,76.125,243.0,31.5,9.25,4.73,,,31.5,111,7.15,4.41,22.0,78.125,498cb39f-47de-41e9-9116-bfe3cd3dd20b
2026,Lander Barton,Utah,LB,LB,4685272.0,76.625,233.0,32.25,9.5,,,,,,,,,,485bc1e6-7b6b-4289-ad34-fef575917ee9
2026,Latrell McCutchin Sr.,Houston,DB,CB,4433972.0,73.875,191.0,31.25,8.5,4.43,1.58,,38.5,131.0,7.0,4.18,,,24431fd7-2e5d-4d38-b29d-dd4f1248f22b
2026,Lawrence Hattar,Michigan,OL,G,,76.0,334.0,32.625,10.25,5.47,1.87,3.13,29.0,99.0,8.21,4.95,30.0,,
2026,Le'Veon Moss,Texas A&M,RB,RB,4685470.0,71.0,203.0,31.0,9.5,4.58,,,31.5,119,,,16.0,76.125,19cdd1cd-48d1-449a-a266-2520f3101689
2026,Lee Hunter,Texas Tech,DL,DT,4431551.0,75.5,318.0,33.25,9.25,5.18,1.79,2.99,21.5,100.0,,,,80.75,94be8b69-ce5c-4984-b005-c925c1eba899
2026,Liam Wortmann,Colorado State,OL,G,5295200.0,74.625,298.0,32.75,9.875,5.3,1.81,2.99,30.5,110.0,7.98,4.63,15.0,,
2026,Logan Fano,Utah,DL,EDGE,5080699.0,76.875,257.0,31.375,9.375,,,,,,,,,,36fbd3c8-8aaf-4a89-a454-62aee36e0e7a
2026,Logan Jones,Iowa,OL,C,4686907.0,74.875,299.0,30.75,9.5,4.9,1.75,2.87,32.0,110.0,7.46,4.59,,76.0,f1abbbdd-2173-47e6-bbca-16318f36dbb5
2026,Logan Taylor,Boston College,OL,G,4682789.0,78.75,314.0,33.875,10.5,5.19,1.82,,31.0,108.0,7.75,4.84,,,b7a1e8ed-33d6-4346-ad9c-c7f825fba8cd
2026,Lorenzo Styles Jr.,Ohio State,DB,SAF,4432768.0,72.5,194.0,31.625,9.5,4.27,1.49,,39.0,,,,,,ece22d0c-62c8-475a-a334-eaefecbf9523
2026,Louis Moore,Indiana,DB,SAF,5081323.0,70.75,191.0,29.5,9.875,,,,,,,,,72.5,a4eabbbf-929c-495e-8aeb-cfa0b3ba8bab
2026,Luis Medina,Troy,DL,DT,4686149.0,72.5,301.0,33.0,9.25,4.97,1.72,2.85,23.0,106.0,7.89,4.96,29.0,,
2026,Luke Altmyer,Illinois,QB,QB,4597679.0,73.75,210.0,29.875,9.0,4.72,1.66,2.77,32.0,114.0,,,,74.75,6deab4a8-0e19-4214-8691-4e029119d26c
2026,Mahamane Moussa,Louisville,OL,G,4709389.0,75.375,301.0,35.0,10.75,5.22,1.76,3.04,33.5,98.0,8.1,4.97,,,
2026,Makai Lemon,USC,WR,WR,4870795.0,71.125,192.0,30.5,8.75,4.46,,,,,,,,73.25,a6fd60a3-51a7-4b96-bf58-26b9d0828640
2026,Makai McCall,North Carolina Central,DL,EDGE,4879125.0,75.25,230.0,32.0,9.0,4.77,1.66,2.82,33.0,123.0,7.31,4.56,21.0,,
2026,Malachi Fields,Notre Dame,WR,WR,4682648.0,76.5,218.0,32.125,9.0,4.61,1.63,,38.0,124.0,6.98,4.35,15.0,79.0,66c52d9d-2ffa-43fd-8c56-716335593052
2026,Malachi Lawrence,UCF,DL,EDGE,4710067.0,76.375,253.0,33.625,9.25,4.52,1.59,,40.0,130.0,,,,81.625,80aa3d36-775d-4eb5-8bff-c5e1e22290b6
2026,Malik Benson,Oregon,WR,WR,5150247.0,72.125,189.0,31.875,8.625,4.37,1.55,,32.5,122.0,,,,,77a6e8e3-ece6-4832-926b-c45f5a548caf
2026,Malik Muhammad,Texas,DB,CB,4870953.0,72.0,182.0,32.375,9.875,4.42,1.51,,39.0,130.0,,,,77.25,010950f0-c3e2-416e-8667-89fe53900a2f
2026,Mansoor Delane,LSU,DB,CB,4880124.0,71.75,187.0,30.0,8.875,4.35,,,,,,,,74.5,970c6e20-317c-49bd-b32e-9fff4f9453ee
2026,Marcus Allen,North Carolina,DB,CB,5081412.0,73.625,187.0,32.125,8.5,4.5,1.64,,39.0,123.0,,,,,aa262f65-a4ec-4801-a893-64dd2ad849d0
2026,Markel Bell,Miami,OL,OT,5140696.0,81.25,346.0,36.375,9.0,5.36,1.84,,,,,,,87.125,f1eb1a3c-9127-44b1-8e15-13c864ef3b37
2026,Mark Petry,Syracuse,OL,G,4603744.0,76.25,298.0,33.0,10.125,,,,30.0,110.0,8.14,4.85,21.0,,
2026,Marlin Klein,Michigan,TE,TE,4695705.0,78.0,248.0,32.375,9.25,4.61,1.64,,36.0,117.0,7.42,,,,50c66208-9e15-46b4-93cb-060284dc003f
2026,Marvae Myers,Marshall,DB,SS,4430232.0,70.625,205.0,30.5,9.375,4.58,1.51,2.58,37.5,122.0,7.25,4.38,19.0,,
2026,Marvin Jones Jr.,Oklahoma,DL,EDGE,4685425.0,77.0,245.0,33.125,9.25,4.69,1.65,,34.5,,7.47,4.52,,,a2fa2fe6-2ac1-424d-8d81-94b681f2c749
2026,Mason Randolph,Boise State,OL,C,4710008.0,75.75,311.0,33.25,10.75,5.25,1.91,3.14,27.5,104.0,7.88,4.84,20.0,,
2026,Mason Reiger,Wisconsin,DL,EDGE,4691903.0,76.625,251.0,32.625,10.375,4.78,1.61,,40.0,125.0,,,,,69e94ef0-0763-4307-b8fd-2817a5d93c4a
2026,Matt Gulbin,Michigan State,OL,C,4683463.0,75.625,305.0,31.75,9.5,,,,28.0,101.0,8.33,4.96,21.0,78.25,70c01e1d-c204-427e-94df-930299cec177
2026,Matthew Bedford,Oregon,OL,G,4426670.0,77.5,305.0,34.75,10.125,5.4,1.88,3.05,25.0,102.0,7.68,4.84,,,
2026,Matthew Hibner,SMU,TE,TE,4432260.0,76.25,251.0,32.375,9.375,4.57,1.61,,37.0,116.0,7.37,4.35,28.0,77.625,4ac3010f-c5c2-46fd-871b-73a3409b9685
2026,Matthew Ljuden,Alberta,OL,G,,71.25,304.0,,,5.18,1.8,3.01,26.0,105.0,7.72,4.65,22.0,,
2026,Matthew Rueve,IUP,QB,QB,,76.5,215.0,32.0,9.25,4.87,1.66,2.75,31.5,114.0,7.29,4.38,,,
2026,Maverick McIvor,Western Kentucky,QB,QB,4427966.0,74.0,209.0,31.25,9.0,4.94,1.75,2.87,,110.0,7.22,4.35,,,
2026,Max Bredeson,Michigan,RB,FB,4878695.0,74.0,252.0,30.125,10.0,,,,,,,,,74.875,88880e4e-2a9a-48bb-b41e-67a62bfdef40
2026,Max Iheanachor,Arizona State,OL,OT,5150136.0,77.875,321.0,33.875,9.0,4.91,1.73,,30.5,115.0,,,,83.25,3051bd19-ce50-4666-9352-d9800fc20d6f
2026,Max Klare,Ohio State,TE,TE,4833029.0,76.375,246.0,32.125,9.125,,,,,,,,,77.875,1aee79b9-4a90-401d-8af4-d361c5b6d6c5
2026,Max Llewellyn,Iowa,DL,EDGE,4683101.0,77.625,258.0,32.25,9.0,4.81,1.64,,32.5,115.0,,,,,41f78736-f6bf-4008-9b19-f9ea3f37aba0
2026,Micah Morris,Georgia,OL,G,4432738.0,77.25,334.0,33.625,10.375,5.09,1.73,,29.5,112.0,,,,83.5,0d7a4e1b-c678-4c81-9bf2-6ccbd6cc542e
2026,Michael Taaffe,Texas,DB,SAF,4880346.0,71.875,190.0,29.25,9.375,4.5,1.58,,,,,,,72.75,1d63c414-c805-4190-ab05-4cedc9652a79
2026,Michael Trigg,Baylor,TE,TE,4594749.0,75.75,240.0,34.25,10.5,,,,,,,,,84.375,6a64e972-a5a7-4039-abd6-6c5f90115318
2026,Mickey Rewolinski,Eastern Michigan,OL,G,4589217.0,76.875,308.0,32.625,9.25,5.35,1.82,2.98,27.0,99.0,7.75,4.64,27.0,,
2026,Mike Washington Jr.,Arkansas,RB,RB,4686658.0,73.0,223.0,33.625,9.25,4.33,1.51,,39.0,128.0,6.91,4.32,,82.0,1d9f05fb-b9d2-4316-8981-6c198ee443e6
2026,Miles Kitselman,Tennessee,TE,TE,5089453.0,77.125,251.0,31.875,9.875,4.9,1.71,,34.5,116.0,,,,,5c605793-8616-4876-934b-7cf20c00f5c8
2026,Monroe Freeling,Georgia,OL,OT,4870694.0,79.375,315.0,34.75,10.75,4.93,1.71,,33.5,115.0,,,,84.5,95c977df-28a3-413a-9e85-c72d2015c8f4
2026,Nadame Tucker,Western Michigan,DL,EDGE,5081483.0,73.875,247.0,31.375,9.0,4.73,1.63,2.74,33.5,119.0,7.44,4.68,22.0,,a58c0cd0-cba3-43cb-a5d5-f781c50256be
2026,Namdi Obiazor,TCU,LB,LB,5085407.0,74.75,229.0,30.75,10.5,4.53,1.56,,37.0,119.0,7.24,4.36,,,664bac34-6572-464a-9d14-53eb9b7d04a0
2026,Nate Boerkircher,Texas A&M,TE,TE,4686248.0,77.5,245.0,32.625,10.5,4.78,,,32.0,,7.03,4.4,,79.125,175a2b8a-75bf-4eb6-b8f8-6dee6bf26860
2026,Nathan Voorhis,Ball State,DL,EDGE,4880093.0,74.875,251.0,31.125,9.5,4.76,1.70,2.72,37.0,118.0,7.45,4.59,22.0,,
2026,Nevaeh Sanders,Mississippi State,DL,EDGE,5151516.0,74.375,220.0,32.375,8.75,4.52,1.64,2.57,36.0,130.0,7.58,4.65,11.0,,
2026,Nicholas Singleton,Penn State,RB,RB,4685555.0,72.25,219.0,31.0,9.375,,,,,,,,25.0,77.875,8cf1ed10-9341-47c2-9175-4dd4a976d096
2026,Nick Barrett,South Carolina,DL,DT,4682818.0,74.875,312.0,33.375,10.0,5.1,1.71,,31.5,108.0,8.17,4.91,31.0,80.0,a8eb4b6f-9e94-4af9-85cd-939776291244
2026,Nick Dawkins,Penn State,OL,OC,4431060.0,76.375,305.0,33.75,9.875,5.22,1.77,2.96,33.0,112.0,,,,,
2026,Nikko Taylor,Oregon State,DL,EDGE,5157285.0,77.25,262.0,30.875,9.375,4.73,1.73,2.75,30.0,119.0,7.13,4.58,19.0,,
2026,Niles King,San Diego State,DL,EDGE,5302260.0,77.75,265.0,34.625,10.125,4.70,1.71,2.76,31.5,115.0,7.47,4.59,25.0,,
2026,Noah Arinze,Coastal Carolina,DL,EDGE,4692512.0,76.875,260.0,34.0,9.5,4.91,1.72,2.83,31.0,121.0,7.40,4.56,23.0,,
2026,Noah Fenske,Southern Illinois,OL,OC,4427177.0,76.25,299.0,32.75,8.625,4.88,1.57,2.88,35.0,116.0,7.75,4.64,32.0,,
2026,Noah Whittington,Oregon,RB,RB,4432631.0,68.25,205.0,29.125,8.25,,,,,,,,24.0,70.875,855a9b88-a5ae-446d-92a4-ea5771b026ee
2026,Nyjalik Kelly,UCF,DL,EDGE,4726151.0,77.375,256.0,35.125,10.375,4.88,1.69,2.83,37.0,119.0,7.62,4.76,,,2bb8a3ec-6ff4-4a0d-9194-d2281fa78229
2026,Olaivavega Ioane,Penn State,OL,G,4832793.0,76.25,320.0,32.75,10.5,,,,31.5,104.0,,,,80.625,21cfaaf6-aa1c-4a87-bd14-03e5efaa61c8
2026,Omar Cooper Jr.,Indiana,WR,WR,4723820.0,72.125,199.0,30.25,9.625,4.42,1.55,,37.0,,,,,75.25,57bad83a-9395-4cb1-b105-0100022d20d0
2026,Oluwaseyi Omotosho,West Virginia,DL,EDGE,4608854.0,73.875,243.0,31.625,9.625,4.83,1.69,2.75,34.0,123.0,7.18,4.57,24.0,,
2026,Oscar Delp,Georgia,TE,TE,4702559.0,76.875,245.0,31.625,9.5,4.48,,,38.0,120,,,,,2e65fe3f-354a-4b55-b1f9-8e14c416c404
2026,Ose Egbase,UNLV,DL,EDGE,4613089.0,75.625,247.0,32.75,9.75,4.69,1.69,2.71,34.0,118.0,7.50,4.52,16.0,,
2026,Owen Heinecke,Oklahoma,LB,LB,5081928.0,73.5,227.0,30.125,9.75,4.62,1.62,,34.5,119.0,7.15,4.25,,74.5,bc06aa8a-48b1-483c-ab0d-321ac96d35a2
2026,Parker Brailsford,Alabama,OL,C,4816090.0,73.875,289.0,32.0,9.5,4.95,1.7,2.84,32.5,118.0,,4.72,27.0,80.75,0ac4228e-51a4-44bb-b4eb-e57d9fb686c2
2026,Parker Steven,Texas State,DL,EDGE,,75.125,260.0,32.375,9.0,4.76,1.72,2.75,32.0,117.0,7.16,4.57,29.0,,
2026,Pat Coogan,Indiana,OL,C,4596542.0,77.375,311.0,31.125,9.25,,,,,,,,,78.375,a49bac51-5a49-489c-9076-19ccb909d657
2026,Patrick Payton,LSU,DL,EDGE,4596679.0,76.875,260.0,33.5,10.0,,,,,,,,,81.25,38713cc5-fb50-4b5e-9cc2-ee9c82968a87
2026,Peter Woods,Clemson,DL,DT,4871063.0,74.5,298.0,31.25,9.125,,1.67,,29.0,104,7.7,4.54,,76.375,5a065574-13e7-44eb-9953-ca012001d677
2026,Quintayvious Hutchins,Boston College,DL,EDGE,4698181.0,74.875,233.0,32.625,9.5,4.74,1.73,2.76,37.0,112.0,7.34,4.61,,,fead388b-298d-46db-96cf-6bb2bdd1aaf1
2026,R Mason Thomas,Oklahoma,DL,EDGE,5081927.0,74.25,241.0,31.625,8.875,4.67,1.63,2.73,34.0,119.0,7.40,,,78.125,f128d2a8-07ff-441b-9d21-f9f4c9a684de
2026,RJ Maryland,SMU,TE,TE,4702913.0,76.125,236.0,32.25,9.0,4.51,1.64,,33.0,122.0,,,,78.75,ecf753f8-4e81-4e54-bdb6-fe6c0ffed903
2026,Rahsul Faison,South Carolina,RB,RB,5156933.0,71.0,208.0,30.875,9.0,4.6,1.59,,37.5,122.0,,4.26,14.0,76.5,fb5e9721-886d-43fb-8a89-a1a54f8bc916
2026,Ravonte Blowe,Houston Christian,DL,EDGE,5225900.0,73.75,241.0,33.0,9.375,4.82,1.62,2.56,30.5,120.0,7.50,4.32,16.0,,
2026,Rayshaun Benny,Michigan,DL,DT,4432661.0,75.25,298.0,33.375,9.25,,,,,,7.69,4.89,,81.625,83752804-0521-444a-9346-2d1d868961af
2026,Red Murdock,Buffalo,LB,LB,4912190.0,73.875,232.0,31.0,10.375,,,,,,,,,,1c4162b5-dd5b-4ee5-9bbb-bf2d61a951b1
2026,Reggie Grimes,Memphis,DL,EDGE,4430801.0,75.875,265.0,33.875,9.0,4.76,1.70,2.74,31.5,117.0,7.57,4.48,24.0,,
2026,Reggie Virgil,Texas Tech,WR,WR,4869132.0,74.625,187.0,31.25,9.25,4.57,1.58,,36.0,127.0,,,,,61b41374-6f6d-4ddb-964a-56fa88016e54
2026,Riley Nowakowski,Indiana,TE,TE,4693370.0,74.25,250.0,31.5,8.75,4.66,1.7,,33.5,119.0,,,,,459ed252-a78a-4d96-b10e-a8f2250b3d07
2026,Robert Henry Jr.,Texas-San Antonio,RB,RB,5151317.0,69.25,196.0,30.125,9.125,4.52,1.62,,37.0,124.0,,4.31,,72.125,090693e2-7198-497c-af27-7a80680dd1e0
2026,Robert Spears-Jennings,Oklahoma,DB,SAF,4820584.0,73.875,205.0,32.5,10.375,4.32,1.51,,35.0,125.0,,4.43,,,cb92de8f-4741-4f66-a15d-94b79aca11c6
2026,Robert Spears-Jennings,Oklahoma,DB,SS,4820584.0,74.0,205.0,32.5,10.375,4.32,1.51,2.52,35.0,125.0,7.14,4.43,14.0,,
2026,Roman Hemby,Indiana,RB,RB,4688835.0,71.875,207.0,31.0,9.5,,,,,,,,,75.75,147a9780-297f-4d4e-8c54-79a5a796f1f9
2026,Romello Height,Texas Tech,DL,EDGE,4432244.0,74.75,239.0,32.25,9.5,4.64,1.63,,39.0,125.0,,,,79.375,1878bbb3-e882-4e6c-bcc0-87dc17effbd3
2026,Rueben Bain Jr.,Miami,DL,EDGE,4870617.0,74.25,263.0,30.875,9.125,,,,,,,,,77.5,2791684e-5a4a-41d3-b38d-ba156ca7de67
2026,Ru'Quan Buckley,Michigan State,DL,DT,4602021.0,72.5,306.0,32.5,9.875,5.25,1.75,2.99,32.5,108.0,7.98,4.90,32.0,,
2026,Ryan Eckley,Michigan State,SPEC,P,5084956.0,72.75,200.0,31.0,9.25,,,,,,,,,,abb1c15b-1149-4b8c-8e33-103265e0e0e2
2026,Ryan Lengyel,Baylor,OL,G,4687676.0,77.25,306.0,33.0,10.5,5.38,1.83,3.13,28.0,105.0,8.11,5.06,,,
2026,Ryan Linthicum,Clemson,OL,C,4432728.0,74.875,302.0,30.25,9.25,5.54,1.85,3.17,21.5,83.0,8.07,5.01,,,
2026,Ryan Whitely,Saginaw Valley State,OL,C,,73.375,286.0,32.75,9.25,5.09,1.76,2.86,29.5,112.0,7.60,4.58,26.0,,
2026,Sabastian Harsh,NC State,DL,EDGE,4699802.0,73.875,255.0,31.375,9.625,4.66,1.62,2.72,28.0,110.0,7.22,4.63,28.0,,
2026,Sage Ryan,Mississippi,DB,SS,,70.875,204,30.375,8.75,4.59,1.58,,32.5,123,7.2,4.59,,,
2026,Sam Hecht,Kansas State,OL,C,4874515.0,76.125,303.0,31.625,9.875,5.1,1.73,2.92,28.0,101.0,7.75,4.71,20.0,76.875,9537a4c7-4974-4162-9731-18762f19301c
2026,Sam Roush,Stanford,TE,TE,4685504.0,78.0,267.0,30.625,10.0,4.7,1.61,,38.5,126.0,7.08,4.37,25.0,76.375,5155895f-cc44-4cca-a824-c56b6b1ae08f
2026,Sawyer Robertson,Baylor,QB,QB,4432759.0,75.75,216.0,32.125,9.375,4.64,1.61,,37.5,123.0,7.45,4.46,,78.75,21917481-64d1-4189-acf8-889514f39d7a
2026,Scooby Williams,Texas A&M,LB,LB,4875181.0,74.25,231.0,32.0,9.25,,,,,,,,,78.25,fcb6fbf0-e8b7-490c-9cf6-96d4baf6f8fa
2026,Seth McGowan,Kentucky,RB,RB,4686468.0,72.25,223.0,31.375,8.75,4.49,1.6,,42.5,131.0,,4.5,,77.125,069e8e0b-632a-41e5-a38b-00164487acd1
2026,Skyler Bell,Connecticut,WR,WR,4683153.0,71.625,192.0,31.125,10.0,4.4,1.53,,41.0,133.0,6.65,4.11,,76.75,b5b0e2c3-ba7b-41f8-8676-68b0b5fcc2c4
2026,Skyler Gill-Howard,Texas Tech,DL,DT,5103940.0,72.625,280.0,30.75,9.25,,,,,,,,27.0,76.375,c0da61b7-1adf-4226-9e02-9ec0de057914
2026,Sonny Styles,Ohio State,LB,LB,5081807.0,77.0,244.0,32.875,10.0,4.46,1.56,,43.5,134.0,7.09,4.26,,80.875,8f8d1bb6-1658-4fbf-92cb-e2289c7a4c61
2026,Spencer Fano,Utah,OL,OT,4870723.0,77.5,311.0,32.125,9.0,4.91,1.72,,32.0,111.0,7.34,4.67,,80.25,2f7252ee-50c9-4af2-a536-a980d8ca7d07
2026,Stretch Carroll,Kent State,DL,EDGE,4600980.0,75.75,246.0,34.25,9.5,5.03,1.73,2.82,32.5,122.0,7.22,4.35,20.0,,
2026,Steven Kpehe,Queens,DL,EDGE,,72.875,245.0,,,4.70,1.64,2.74,35.0,113.0,7.90,4.58,25.0,,
2026,Sterling Webb,Missouri,DL,DT,4917053.0,73.375,282.0,32.5,10.25,5.04,1.75,3.00,34.5,114.0,7.82,4.77,20.0,,
2026,T.J. Parker,Clemson,DL,EDGE,4870886.0,75.625,263.0,33.125,9.5,4.68,1.61,,34.0,120.0,,,,79.0,64dfc640-1044-48ad-b53e-cef2915fe267
2026,TJ Ferguson,Syracuse,OL,G,4431542.0,75.75,303.0,33.0,9.625,5.26,1.81,3.06,,,7.83,4.96,,,
2026,TJ Hall,Iowa,DB,CB,4873075.0,72.75,189.0,30.0,9.5,4.59,1.62,,36.0,,7.19,4.19,,,173931b5-1b63-406e-835e-64678c05d0ca
2026,Tacario Davis,Washington,DB,CB,4726127.0,75.875,194.0,33.375,9.25,4.41,1.59,,37.0,123.0,,,,80.875,42e24757-1666-4f20-879a-f7ed49042799
2026,Tahj Chambers,Mississippi,LB,LB,,73.875,231,31.25,8.875,4.65,1.65,,32.5,118,7.0,4.43,16,,
2026,Tahj Ra-El,Purdue,DB,SS,5192419.0,73.125,206.0,31.5,9.25,4.58,1.63,2.69,33.5,117.0,7.2,4.24,12.0,,
2026,Talib Salahuddin,Incarnate Word,DL,EDGE,5155096.0,75.375,241.0,34.5,9.5,4.75,1.64,2.76,33.5,117.0,7.21,4.60,13.0,,
2026,Tamatoa McDonough,Iowa State,DL,EDGE,4883115.0,77.125,272.0,33.625,9.625,,,,29.5,111.0,7.41,4.32,,,
2026,Tanner Koziol,Houston,TE,TE,4917427.0,78.5,247.0,33.75,9.75,4.7,1.62,,36.5,122.0,,,,80.75,ff307c4a-241b-4b10-8294-7ea1dd71306d
2026,Taurean York,Texas A&M,LB,LB,4917859.0,70.75,226.0,30.0,8.5,4.53,,,30.5,,7.32,4.48,25.0,75.375,de64af03-4f0f-4925-a4db-5d86d2e21a28
2026,Tay Yanta II,North Texas,OL,C,5306703.0,75.625,316.0,31.375,8.75,5.47,1.83,3.08,29.0,98.0,,,21.0,,
2026,Taylor Poitier,Kansas State,OL,G,4430322.0,74.125,295.0,33.75,9.875,5.26,1.84,3.0,28.0,106.0,8.02,4.95,32.0,,
2026,Taylen Green,Arkansas,QB,QB,4431325.0,77.875,227.0,34.75,9.875,4.36,1.55,,43.5,134.0,,,,83.75,15214fbf-ddf6-42e5-b0b7-fb950cab71f8
2026,Ted Hurst,Georgia State,WR,WR,5220680.0,75.875,206.0,32.625,9.75,4.42,1.55,,36.5,135.0,,,,,9cf09775-ad40-4f2f-a390-a575704dace1
2026,Temi Ajirotutu,Villanova,OL,G,4694737.0,76.0,309.0,34.25,10.0,5.21,1.79,3.0,22.0,106.0,8.28,4.7,19.0,,
2026,Terry Webb,SMU,DL,DT,5152226.0,73.625,312.0,33.125,9.5,5.08,1.84,2.94,,102.0,7.81,4.59,25.0,,
2026,Thaddeus Dixon,North Carolina,DB,CB,5151880.0,72.625,195.0,31.125,10.0,,,,39.5,125.0,,,,,1d8ca5ad-5aab-4a2a-8a0e-d6b540c8ba59
2026,Tim Anderson,Ferris State,OL,G,,76.5,301.0,32.75,9.625,5.23,1.95,2.97,30.5,104.0,8.07,4.8,35.0,,
2026,Tim Keenan III,Alabama,DL,DT,4431414.0,73.0,327.0,30.5,8.625,5.31,1.83,3.06,30.0,100.0,,,21.0,,29897180-2604-4047-bb06-e2f52b710cb2
2026,Tommy Doman Jr.,Florida,SPEC,P,4682758.0,76.375,214.0,31.0,9.625,,,,,,,,,,1476f138-9247-423f-990c-d64a908f1004
2026,Tommy Rittenhouse,Illinois State,QB,QB,4878284.0,71.875,187.0,30.25,8.5,4.64,1.63,2.7,33.5,120.0,7.41,4.46,,,
2026,Toriano Pride Jr.,Missouri,DB,CB,4698598.0,70.375,185.0,31.0,9.25,4.32,1.51,,37.5,128.0,7.2,,13.0,,0ec6f842-c6b3-4a98-8f39-9f537fc1bcea
2026,Travis Burke,Memphis,OL,OT,4876658.0,80.75,325.0,34.25,10.125,5.17,1.79,,27.0,107.0,,,,83.125,ecba10ae-c983-4cae-ae9f-464f5f5633e9
2026,Trent Allen,Ohio,OL,G,4877884.0,73.625,291.0,32.375,9.375,5.28,1.81,2.96,31.0,104.0,7.55,4.75,30.0,,
2026,Trey Moore,Texas,DL,EDGE,4879212.0,73.625,243.0,31.625,10.5,4.54,1.6,,38.5,120.0,,4.43,,78.125,c253c497-b69d-4021-a2f3-9392164d375f
2026,Trey Smack,Florida,SPEC,K,4869461.0,73.25,188.0,30.0,8.75,,,,,,,,,,390cbeed-d4ee-4394-9340-ab97500f92b3
2026,Trey Zuhn III,Texas A&M,OL,C,4431623.0,78.5,312.0,32.5,10.0,5.0,,,32.0,111,,,,80.875,d658cad0-3370-446e-9c8e-75547605326a
2026,Treydan Stukes,Arizona,DB,SAF,4697757.0,72.625,190.0,31.75,8.5,4.33,1.5,,38.0,130.0,,,,76.625,ff310b82-42cf-464e-89d3-b30e82af9949
2026,Tunde Fatukasi,Bowling Green,OL,G,4606899.0,76.375,321.0,34.375,9.5,5.51,1.9,3.15,32.5,108.0,7.57,4.72,28.0,,
2026,Ty Simpson,Alabama,QB,QB,4685522.0,73.125,211.0,30.875,9.375,,,,,,,,,76.5,39d883e1-1a7b-4467-9be3-0f88b7f4071a
2026,Ty'Metrius Patterson,Benedict,DL,EDGE,,72.125,270.0,32.0,9.5,4.79,1.64,2.78,33.5,117.0,7.76,,19.0,,
2026,Tymere Jackson,Texas State,DL,EDGE,5220909.0,74.875,251.0,31.875,10.125,4.75,1.65,2.63,34.5,126.0,7.42,4.58,13.0,,
2026,Tyler Banks,Mississippi,LB,LB,,73.75,242,31.75,10.125,4.86,1.69,2.68,28.5,114,7.27,4.36,18,,
2026,Tyler Onyedim,Texas A&M,DL,DT,4683535.0,75.5,292.0,34.125,10.125,5.03,,,32.0,111.0,7.96,4.65,24.0,81.375,93b3f8cf-03d8-4d0e-9b11-787aa7f3a79e
2026,Tyreak Sapp,Florida,DL,EDGE,4889957.0,74.375,273.0,32.0,9.5,,,,,,,,28.0,,0d7d48c7-73ec-4ce8-8dca-66a926502525
2026,Tyren Montgomery,John Carroll University,WR,WR,,71.0,190.0,,,4.53,,,35.5,128,,,,,02b00360-add6-4a43-8553-32675eeb299d
2026,Uso Seumalo,Kansas State,DL,DT,5081916.0,74.625,330.0,32.75,9.75,5.26,1.80,3.00,27.5,103.0,7.71,4.83,28.0,,
2026,VJ Payne,Kansas State,DB,SAF,4837388.0,75.25,206.0,33.75,9.5,4.4,1.52,,35.0,127.0,,,,80.75,3556a153-61c0-4cd2-a567-e4e3e1732941
2026,Vincent Anthony Jr.,Duke,DL,EDGE,4875123.0,77.625,258.0,34.125,10.0,4.84,1.67,2.81,32.5,123.0,7.14,4.53,15.0,,86c549f9-3a21-417b-96da-568315160cc1
2026,Vinny Anthony II,Wisconsin,WR,WR,4869816.0,71.875,183.0,31.125,9.125,4.54,1.59,,34.5,115,6.86,4.07,15.0,,b96ac3e7-bdc7-4bc0-8fad-70248ffbc534
2026,Wade Woodaz,Clemson,LB,LB,4837286.0,75.375,236.0,32.625,10.0,4.52,1.55,,,117,7.27,4.5,,80.0,0a16f464-8f09-40c8-9120-dde49ccbdf81
2026,Walker Parks,Clemson,OL,G,4429044.0,76.625,309.0,31.875,10.25,5.09,1.77,2.94,22.5,99.0,7.93,4.83,31.0,,
2026,Weylin Lapuaho,BYU,OL,G,4689122.0,75.875,295.0,32.125,9.625,5.05,1.68,2.85,27.5,113.0,7.63,4.85,18.0,,
2026,Wesley Bissainthe,Miami,LB,LB,4685275.0,73.75,225.0,31.875,9.75,4.63,1.57,,,,,4.52,,,fd286b48-f1f0-4edf-9bc1-4d53595f1ffc
2026,Wesley Williams,Duke,DL,EDGE,4832922.0,75.75,256.0,31.875,9.5,4.89,1.68,,35.5,120.0,,,,,63943402-2f33-4807-b10a-dc60813f970d
2026,Will Kacmarek,Ohio State,TE,TE,4880236.0,77.5,261.0,32.25,9.75,4.74,1.7,,36.0,119.0,,,,,9132a58c-9501-4b2c-b87d-81af4ba5a412
2026,Will Lee III,Texas A&M,DB,CB,5151083.0,73.5,189.0,32.75,9.0,4.52,1.56,,42.0,132.0,,,,78.75,f1b41f0a-c2e0-4803-80cc-7c995e14c735
2026,Will O'Steen,North Carolina,OL,G,4693232.0,75.375,289.0,32.25,9.375,5.22,1.74,3.09,24.0,105.0,7.82,4.96,26.0,,
2026,Wydett Williams Jr.,Mississippi,DB,FS,,73.375,200,31.625,9.875,4.56,1.58,,33.5,120,7.2,4.28,16,,
2026,Xavian Sorey Jr.,Arkansas,LB,LB,4431570.0,74.0,228.0,31.625,9.75,4.63,1.66,,37.5,120.0,7.0,4.42,,,429d7af4-863c-4f1f-b86f-f863bbf44535
2026,Xavier Nwankpa,Iowa,DB,SAF,4685491.0,74.5,208.0,30.75,8.25,4.48,1.62,,37.5,,,,,,038fd382-45d3-43bb-ac07-76ac5dd0f018
2026,Zach Garron,New Hampshire,DL,EDGE,4701105.0,75.625,228.0,32.125,9.5,4.75,1.63,,32.5,120.0,7.34,4.37,17.0,,
2026,Zachariah Branch,Georgia,WR,WR,4870612.0,68.625,177.0,29.375,9.0,4.35,1.5,,38.0,125.0,,,20.0,72.375,15811a18-5f45-4b0b-a26d-f5d96a25b14e
2026,Zakee Wheatley,Penn State,DB,SAF,4566384.0,75.125,203.0,31.0,9.5,4.62,,,32.5,122.0,6.89,4.11,,76.375,592f9e84-e82c-4cd8-9102-989496931ee2
2026,Zane Durant,Penn State,DL,DT,4685347.0,73.125,290.0,31.875,10.625,4.75,1.66,,33.5,112.0,,,,77.875,3d24b1c9-97a2-4567-bc3f-7493fdd88c35
2026,Zavion Thomas,LSU,WR,WR,4869748.0,70.375,190.0,30.5,9.0,4.28,1.52,,36.0,,,,16.0,80.125,ea2d7ddb-67e8-42c8-b9c1-955312c1f3c0
2026,Zhen Sotelo,Hawaii,OL,G,4710348.0,75.125,309.0,31.875,9.625,5.21,1.84,2.96,26.0,98.0,7.52,4.78,31.0,,
2026,Zion Young,Missouri,DL,EDGE,4839501.0,77.75,262.0,33.0,9.5,4.7,,,,,,,,81.375,c7e9a15a-b966-4509-a0c1-7279b83411b1
2026,Zxavian Harris,Mississippi,DL,DT,4685365.0,79.75,330.0,34.625,10.0,,,,,,,,,83.75,e0ab36c7-e5c6-4934-98e4-18fef79c0774
2026,Jordan Pollard,San Jose State,LB,LB,4917332,72.5,212.0,31.0,9.125,4.77,1.69,2.77,30.0,117.0,,,12.0,,
2026,Jordan Thompson,Rutgers,DL,DT,,73.5,281.0,32.0,10.25,5.03,1.85,2.92,29.0,111.0,,,26.0,,
2026,Jordan White,Vanderbilt,OL,C,4691009.0,74.0,293.0,31.625,10.125,5.09,1.73,2.98,27.0,101.0,7.81,4.78,29.0,,
2026,Triston Newson,Missouri,LB,LB,5156092,73.25,227.0,30.5,9.375,4.75,1.69,2.76,34.0,124.0,7.20,4.55,14.0,,
2026,Kendal Daniels,Oklahoma,LB,LB,4595343,77.0,242.0,32.625,9.5,4.76,1.70,2.81,29.5,,,4.32,4.37,,
2026,Ese Dubre,Stanford,LB,LB,4710334,74.25,259.0,33.375,9.25,4.83,1.71,2.80,31.5,118.0,7.37,4.50,26.0,,
2026,Gage Timm,Wisconsin-River Falls,LB,LB,,71.875,225.0,30.75,9.5,4.78,1.65,2.72,36.5,122.0,7.37,4.55,24.0,,
2026,Daryl Peterson III,Wisconsin,LB,LB,,73.25,248.0,32.5,9.625,4.85,1.65,2.77,35.0,114.0,7.35,4.40,22.0,,
2026,Rodney Dansby,Houston Christian,LB,LB,4886005,72.875,219.0,32.125,8.5,4.84,1.59,2.65,31.5,115.0,7.30,4.45,25.0,,
2026,Rodney McGraw,Western Michigan,DL,EDGE,4433974.0,76.5,264.0,32.75,9.125,4.72,1.70,2.78,29.5,108.0,7.27,4.70,20.0,,
2026,Hunter Barth,Stanford,LB,LB,4595022,73.875,224.0,31.875,9.875,4.70,1.63,2.72,32.0,117.0,7.20,4.26,9.0,,
2026,Theron Gaines,Tennessee Tech,LB,LB,5084058,70.75,226.0,30.75,9.625,4.62,1.56,2.71,37.0,119.0,7.50,4.55,20.0,,
2026,Thomas Ibrahim,South Florida,DL,EDGE,,74.625,245.0,32.875,9.375,4.81,1.63,2.73,29.0,114.0,7.43,4.32,21.0,,
2026,Carsen Ryan,BYU,TE,TE,,,,,,4.66,,,33.5,115,6.99,4.28,23.0,,
2026,Cyrus Allen,Cincinnati,WR,WR,,,,,,4.47,,,,,,,,,
2026,Jeadyn Lukus,Clemson,DB,CB,,74.0,205.0,,,4.41,1.46,,35.5,139,6.95,4.36,13.0,,
2026,Tristan Leigh,Clemson,OL,OT,,76.625,312.0,,,,,,,,,,,,
2026,Tommy Doman,Florida,SPEC,P,,76.125,213.0,,,,,,,,,,,,
2026,Jamal Haynes,Georgia Tech,RB,RB,,,,,,4.51,,,36.0,,,4.25,,,
2026,James Thompson Jr.,Illinois,DL,DT,,,,,,,,,,,,,36.0,,
2026,Bryce Foster,Kansas,OL,C,,76.625,310.0,31.375,10.0,5.46,1.95,3.17,26.5,126,7.88,4.78,33.0,76.5,
2026,Enrique Cruz Jr.,Kansas,OL,OT,,77.25,310.0,34.875,10.375,,,,,,,,,82.625,
2026,Josh Thompson,LSU,OL,G,,76.5,304.0,32.75,9.5,,,,,104,7.96,4.8,,80.125,
2026,Jacobian Guillory II,LSU,DL,DT,,73.5,312.0,33.75,9.375,5.3,,,27.5,102,7.9,5.08,24.0,81.25,
2026,Ryan Mosesso,Massachusetts,OL,OT,,,,,,,,,,112,,,,,
2026,Landon Robinson,Navy,DL,DT,,71.0,293.0,,,4.87,,,32.5,110,7.32,4.48,30.0,,
2026,Dane Key,Nebraska,WR,WR,,,,,,4.54,,,,122,,,,,
2026,Ceyair Wright,Nebraska,DB,CB,,,,,,4.52,,,,120,,,,,
2026,Jalen Stroman,Notre Dame,DB,SAF,,72.375,203.0,31.625,8.875,4.69,,,36.0,123,7.18,4.41,14.0,76.25,
2026,DeVonta Smith,Notre Dame,DB,CB,,70.75,186.0,31.25,9.375,4.55,,,43.0,132,6.84,4.14,13.0,75.5,
2026,Jaydn Ott,Oklahoma,RB,RB,,71.0,198.0,,,4.46,,,40.5,131,7.19,4.31,16.0,,
2026,Nolan Rucci,Penn State,OL,OT,,80.0,314.0,,,5.44,,,30.0,108,7.89,4.87,,,
2026,Trebor Pena,Penn State,WR,WR,,70.0,187.0,,,4.53,,,35.5,123,6.9,4.11,19.0,,
2026,Devonte Ross,Penn State,WR,WR,,69.0,162.0,,,4.45,,,36.0,128,7.21,4.36,,,
2026,Jeff Persi,Pittsburgh,OL,OT,,,,,,,,,,,,,16.0,,
2026,Devin Mockobee,Purdue,RB,RB,,,,,,4.78,,,32.5,118,7.1,4.64,,,
2026,DT Sheffield,Rutgers,WR,WR,,67.25,175.0,30.5,8.75,4.38,,,42.0,123,6.85,3.98,15.0,72.125,
2026,Kentrel Bullock,South Alabama,RB,RB,,,,,,4.4,,,33.0,,,,,,
2026,DQ Smith,South Carolina,DB,SAF,,72.0,206.0,30.75,9.5,4.62,1.56,,30.0,120,7.21,4.34,22.0,73.125,
2026,Ethan Burke,Texas,DL,EDGE,,,,,,,,,,,6.94,,,,
2026,Tyreek Chappell,Texas A&M,DB,CB,,70.375,188.0,30.25,8.875,4.56,,,36.0,122,7.07,4.26,,73.875,
2026,Amari Niblack,Texas A&M,TE,TE,,75.625,232.0,34.0,10.0,4.68,,,32.0,123,7.27,4.78,,80.625,
2026,Ethan Conner,Troy,TE,TE,,75.0,235.0,,,4.69,,,35.5,,7.35,4.56,18.0,,
2026,DJ Harvey,USC,DB,CB,,70.0,189.0,28.875,8.5,4.46,,,35.5,123,7.03,4.28,13.0,70.625,
2026,Keeshawn Silver,USC,DL,DT,,76.125,319.0,35.0,10.0,,,,,,,,,84.375,
2026,Jimmori Robinson,West Virginia,DL,EDGE,,76.25,261.0,,,5.0,,,30.0,116,7.46,4.75,19.0,,
2026,Riley Mahlman,Wisconsin,OL,OT,,,,,,,,,30.0,106,7.65,4.59,17.0,,
2026,Corey Walker,Wisconsin,DL,EDGE,,,,,,4.92,,,33.5,119,7.46,4.51,14.0,,
2026,Ricardo Hallman,Wisconsin,DB,CB,,,,,,4.52,,,37.0,115,7.22,4.38,13.0,,